"Strategy Name";"Filters result";"Complexity";"# of trades";"Profit factor";"Net profit";"Drawdown";"Ret/DD Ratio";"Avg. Trade";"Stability";"Stagnation";"Mini equity chart";"Price indicators";"Entry indicators";"Exit indicators";"Trades Symmetry";"CAGR";"CAGR/Max DD %";"CAGR/Max DD % (MC retest, Conf. level 95%)"
"Strategy 2.3.170";"";"4";"998";"1.6";"36966.83";"2463.91";"15.0";"37.04";"0.9";"362";"";"null";"TEMA";"ExitAfterXBars";"0.0";"18.75";"1.15";"1.15"
"Strategy 4.2.120";"";"5";"1437";"1.41";"36903.33";"2869.61";"12.86";"25.68";"0.88";"305";"";"null";"Close,HeikenAshiClose";"ExitAfterXBars";"0.0";"18.73";"1.02";"1.02"
"Strategy 4.4.109";"";"4";"1389";"1.39";"35097.38";"2537.66";"13.83";"25.27";"0.87";"305";"";"null";"Close,HeikenAshiClose";"ExitAfterXBars";"0.0";"18.22";"0.99";"0.99"
"Strategy 4.5.107";"";"6";"1428";"1.44";"38712.34";"2463.91";"15.71";"27.11";"0.89";"493";"";"null";"Close,TEMA";"ExitAfterXBars";"0.0";"19.24";"1.06";"1.06"
"Strategy 4.5.176";"";"4";"1455";"1.38";"35597.79";"2869.61";"12.41";"24.47";"0.83";"329";"";"null";"Close,HeikenAshiClose";"ExitAfterXBars";"0.0";"18.36";"0.99";"0.99"
"Strategy 4.2.122";"";"4";"1112";"1.48";"33875.91";"2480.29";"13.66";"30.46";"0.89";"530";"";"";"TEMA";"ExitAfterXBars";"0.0";"17.86";"1.17";"1.17"
"Strategy 2.2.131";"";"4";"1586";"1.43";"41196.21";"2463.91";"16.72";"25.97";"0.9";"568";"";"";"TEMA";"ExitAfterXBars";"0.0";"19.9";"1.11";"1.11"
"Strategy 2.4.117";"";"4";"1013";"1.53";"33126.2";"2463.91";"13.44";"32.7";"0.86";"406";"";"";"HighD";"ExitAfterXBars";"0.0";"17.63";"0.9";"0.9"
"Strategy 2.4.165";"";"4";"1264";"1.52";"38963.13";"2530.13";"15.4";"30.83";"0.88";"541";"";"";"TEMA";"ExitAfterXBars";"0.0";"19.3";"1.01";"1.01"
"Strategy 1.3.137";"";"3";"1076";"1.49";"34151.67";"2463.91";"13.86";"31.74";"0.87";"542";"";"";"HeikenAshiLow";"ExitAfterXBars";"0.0";"17.94";"1.18";"1.18"
"Strategy 2.5.182";"";"4";"1013";"1.5";"31163.67";"2463.91";"12.65";"30.76";"0.88";"348";"";"";"HighD";"ExitAfterXBars";"0.0";"17.03";"0.94";"0.94"
"Strategy 2.5.153";"";"5";"1622";"1.34";"35281.12";"2636.61";"13.38";"21.75";"0.87";"484";"";"";"HeikenAshiLow";"ExitAfterXBars";"0.0";"18.27";"0.94";"0.94"
"Strategy 1.4.132";"";"4";"1290";"1.46";"37378.23";"2463.91";"15.17";"28.98";"0.89";"485";"";"";"High";"ExitAfterXBars";"0.0";"18.87";"0.96";"0.96"
"Strategy 2.6.101";"";"7";"1767";"1.34";"36715.07";"3055.96";"12.01";"20.78";"0.86";"453";"";"";"TEMA";"ExitAfterXBars";"0.0";"18.68";"0.88";"0.88"
"Strategy 2.6.104";"";"4";"1487";"1.39";"37360.55";"2973.23";"12.57";"25.12";"0.89";"487";"";"";"HeikenAshiLow";"ExitAfterXBars";"0.0";"18.86";"1.04";"1.04"
"Strategy 2.6.116";"";"5";"1795";"1.43";"45948.35";"3295.95";"13.94";"25.6";"0.89";"313";"";"";"TEMA";"ExitAfterXBars";"0.0";"21.08";"1.19";"1.19"
"Strategy 2.6.139";"";"4";"1377";"1.43";"36304.7";"2463.91";"14.73";"26.37";"0.88";"397";"";"";"HighD";"ExitAfterXBars";"0.0";"18.57";"1.02";"1.02"
"Strategy 2.6.145";"";"3";"1109";"1.42";"32078.93";"2540.67";"12.63";"28.93";"0.81";"503";"";"";"HeikenAshiLow";"ExitAfterXBars";"0.0";"17.31";"0.87";"0.87"
"Strategy 4.6.100";"";"4";"1107";"1.51";"35911.71";"2641.71";"13.59";"32.44";"0.85";"414";"";"";"TEMA";"ExitAfterXBars";"0.0";"18.45";"1.15";"1.15"
"Strategy 4.6.161";"";"5";"910";"1.56";"31684.14";"2463.91";"12.86";"34.82";"0.89";"300";"";"";"High";"ExitAfterXBars";"0.0";"17.19";"1.11";"1.11"
"Strategy 1.5.155";"";"4";"1290";"1.48";"38169.74";"2463.91";"15.49";"29.59";"0.92";"222";"";"";"High";"ExitAfterXBars";"0.0";"19.09";"1.1";"1.1"
"Strategy 1.5.165";"";"5";"1155";"1.42";"32663.99";"2541.31";"12.85";"28.28";"0.89";"366";"";"";"Close";"ExitAfterXBars";"0.0";"17.49";"0.86";"0.86"
"Strategy 1.5.170";"";"3";"1896";"1.36";"41948.96";"3084.7";"13.6";"22.13";"0.86";"530";"";"";"High";"ExitAfterXBars";"0.0";"20.09";"0.97";"0.97"
"Strategy 1.5.163";"";"6";"1057";"1.5";"34390.75";"2463.91";"13.96";"32.54";"0.89";"375";"";"";"BollingerBands,HeikenAshiLow";"ExitAfterXBars";"0.0";"18.01";"0.95";"0.95"
"Strategy 2.7.106";"";"4";"1487";"1.38";"36768.52";"3000.09";"12.26";"24.73";"0.88";"580";"";"";"HeikenAshiLow";"ExitAfterXBars";"0.0";"18.7";"0.92";"0.92"
"Strategy 2.7.116";"";"4";"1688";"1.38";"39503.29";"2736.64";"14.43";"23.4";"0.88";"313";"";"";"HeikenAshiLow";"ExitAfterXBars";"0.0";"19.45";"1.11";"1.11"
"Strategy 2.7.138";"";"7";"1762";"1.32";"34743.76";"2717.91";"12.78";"19.72";"0.87";"545";"";"";"TEMA";"ExitAfterXBars";"0.0";"18.11";"0.92";"0.92"
"Strategy 2.7.141";"";"3";"1109";"1.42";"31719.03";"2540.67";"12.48";"28.6";"0.82";"503";"";"";"HeikenAshiLow";"ExitAfterXBars";"0.0";"17.2";"0.87";"0.87"
"Strategy 2.7.155";"";"5";"1525";"1.41";"38673.72";"2524.38";"15.32";"25.36";"0.9";"315";"";"";"TEMA";"ExitAfterXBars";"0.0";"19.22";"0.96";"0.96"
"Strategy 2.7.157";"";"7";"1566";"1.4";"38849.82";"2463.91";"15.77";"24.81";"0.89";"392";"";"";"TEMA";"ExitAfterXBars";"0.0";"19.27";"0.94";"0.94"
"Strategy 2.7.161";"";"5";"1764";"1.34";"36346.26";"2928.37";"12.41";"20.6";"0.87";"463";"";"";"TEMA";"ExitAfterXBars";"0.0";"18.58";"0.88";"0.88"
"Strategy 2.7.165";"";"5";"2282";"1.28";"37879.78";"3048.36";"12.43";"16.6";"0.86";"383";"";"";"TEMA";"ExitAfterXBars";"0.0";"19.01";"0.97";"0.97"
"Strategy 2.7.174";"";"4";"1471";"1.42";"36868.31";"2465.2";"14.96";"25.06";"0.9";"369";"";"";"HighD";"ExitAfterXBars";"0.0";"18.72";"1.12";"1.12"
"Strategy 3.6.128";"";"4";"1052";"1.52";"34012.1";"2530.62";"13.44";"32.33";"0.87";"502";"";"";"HighestInRange";"ExitAfterXBars";"0.0";"17.9";"0.75";"0.75"
"Strategy 4.7.116";"";"4";"955";"1.49";"30651.49";"2463.91";"12.44";"32.1";"0.83";"502";"";"";"TEMA";"ExitAfterXBars";"0.0";"16.86";"1.02";"1.02"
"Strategy 4.7.139";"";"4";"1084";"1.52";"36386.25";"2463.91";"14.77";"33.57";"0.89";"452";"";"";"TEMA";"ExitAfterXBars";"0.0";"18.59";"1.18";"1.18"
"Strategy 4.7.146";"";"3";"1080";"1.47";"33539.79";"2463.91";"13.61";"31.06";"0.84";"323";"";"";"High";"ExitAfterXBars";"0.0";"17.76";"0.86";"0.86"
"Strategy 4.7.144";"";"4";"966";"1.61";"37597.2";"2463.91";"15.26";"38.92";"0.87";"348";"";"";"TEMA";"ExitAfterXBars";"0.0";"18.93";"0.98";"0.98"
"Strategy 4.7.177";"";"3";"1080";"1.47";"33559.35";"2463.91";"13.62";"31.07";"0.84";"323";"";"";"High";"ExitAfterXBars";"0.0";"17.76";"0.85";"0.85"
"Strategy 4.7.178";"";"4";"1518";"1.32";"32041.76";"2463.91";"13.0";"21.11";"0.9";"490";"";"";"High";"ExitAfterXBars";"0.0";"17.3";"0.88";"0.88"
"Strategy 4.7.159";"";"5";"716";"1.68";"31627.6";"2514.66";"12.58";"44.17";"0.88";"453";"";"";"BollingerBands,HeikenAshiLow";"ExitAfterXBars";"0.0";"17.17";"0.89";"0.89"
"Strategy 3.7.121";"";"6";"1390";"1.43";"36859.83";"2915.56";"12.64";"26.52";"0.91";"587";"";"";"TEMA";"ExitAfterXBars";"0.0";"18.72";"1.3";"1.3"
"Strategy 3.7.164";"";"3";"1466";"1.47";"40159.56";"2463.91";"16.3";"27.39";"0.87";"495";"";"";"HighD";"ExitAfterXBars";"0.0";"19.62";"1.03";"1.03"
"Strategy 3.7.167";"";"4";"1629";"1.4";"39583.05";"2463.91";"16.07";"24.3";"0.89";"490";"";"";"HighestInRange";"ExitAfterXBars";"0.0";"19.47";"0.99";"0.99"
"Strategy 2.8.107";"";"3";"1550";"1.5";"45508.6";"2463.91";"18.47";"29.36";"0.89";"398";"";"";"HighestInRange";"ExitAfterXBars";"0.0";"20.98";"1.17";"1.17"
"Strategy 2.8.124";"";"4";"1036";"1.47";"31150.54";"2463.91";"12.64";"30.07";"0.9";"413";"";"";"HighD";"ExitAfterXBars";"0.0";"17.02";"0.87";"0.87"
"Strategy 2.8.125";"";"4";"1359";"1.38";"32218.41";"2463.91";"13.08";"23.71";"0.87";"397";"";"";"HighD";"ExitAfterXBars";"0.0";"17.35";"0.84";"0.84"
"Strategy 2.8.129";"";"4";"1398";"1.4";"34554.09";"2463.91";"14.02";"24.72";"0.87";"437";"";"";"HighestInRange";"ExitAfterXBars";"0.0";"18.06";"0.98";"0.98"
"Strategy 2.8.123";"";"6";"1911";"1.3";"34590.35";"2647.67";"13.06";"18.1";"0.88";"493";"";"";"TEMA";"ExitAfterXBars";"0.0";"18.07";"0.87";"0.87"
"Strategy 2.8.133";"";"4";"1980";"1.35";"41069.04";"3199.6";"12.84";"20.74";"0.86";"455";"";"";"TEMA";"ExitAfterXBars";"0.0";"19.86";"1.12";"1.12"
"Strategy 2.8.116";"";"6";"1455";"1.43";"38740.79";"2512.62";"15.42";"26.63";"0.88";"392";"";"";"HeikenAshiLow,HighestInRange";"ExitAfterXBars";"0.0";"19.24";"0.91";"0.91"
"Strategy 2.8.144";"";"4";"1375";"1.48";"40083.31";"2532.9";"15.83";"29.15";"0.9";"586";"";"";"HighestInRange";"ExitAfterXBars";"0.0";"19.6";"1.01";"1.01"
"Strategy 2.8.157";"";"4";"2140";"1.32";"39517.38";"2974.89";"13.28";"18.47";"0.88";"565";"";"";"HighD";"ExitAfterXBars";"0.0";"19.45";"1.02";"1.02"
"Strategy 2.8.155";"";"5";"1764";"1.36";"38889.08";"2928.37";"13.28";"22.05";"0.86";"463";"";"";"TEMA";"ExitAfterXBars";"0.0";"19.28";"0.91";"0.91"
"Strategy 2.8.178";"";"6";"2282";"1.27";"36917.4";"2970.99";"12.43";"16.18";"0.9";"412";"";"";"TEMA";"ExitAfterXBars";"0.0";"18.74";"0.82";"0.82"
"Strategy 2.8.182";"";"4";"1764";"1.37";"39730.09";"3294.03";"12.06";"22.52";"0.85";"470";"";"";"TEMA";"ExitAfterXBars";"0.0";"19.51";"0.95";"0.95"
"Strategy 1.6.112";"";"6";"1085";"1.48";"33809.16";"2773.78";"12.19";"31.16";"0.86";"466";"";"";"TEMA";"ExitAfterXBars";"0.0";"17.84";"0.86";"0.86"
"Strategy 1.6.127";"";"4";"1294";"1.4";"33030.81";"2463.91";"13.41";"25.53";"0.92";"402";"";"";"High";"ExitAfterXBars";"0.0";"17.6";"1.44";"1.44"
"Strategy 1.6.135";"";"6";"741";"1.64";"30429.27";"2463.91";"12.35";"41.07";"0.87";"849";"";"";"HighD";"ExitAfterXBars";"0.0";"16.79";"1.05";"1.05"
"Strategy 1.6.162";"";"4";"1126";"1.47";"35142.08";"2507.29";"14.02";"31.21";"0.88";"651";"";"";"High";"ExitAfterXBars";"0.0";"18.23";"0.87";"0.87"
"Strategy 1.6.170";"";"4";"1790";"1.4";"43299.19";"2931.08";"14.77";"24.19";"0.87";"364";"";"";"High";"ExitAfterXBars";"0.0";"20.43";"1.11";"1.11"
"Strategy 3.8.126";"";"5";"1757";"1.46";"46527.33";"3411.82";"13.64";"26.48";"0.88";"402";"";"";"HighestInRange";"ExitAfterXBars";"0.0";"21.22";"1.16";"1.16"
"Strategy 3.8.163";"";"5";"1065";"1.6";"37574.93";"2463.91";"15.25";"35.28";"0.89";"578";"";"";"HighestInRange";"ExitAfterXBars";"0.0";"18.92";"0.9";"0.9"
"Strategy 2.9.105";"";"3";"1808";"1.42";"43820.76";"2767.01";"15.84";"24.24";"0.9";"386";"";"";"HighestInRange";"ExitAfterXBars";"0.0";"20.56";"1.15";"1.15"
"Strategy 2.9.167";"";"4";"1330";"1.46";"36437.33";"2463.91";"14.79";"27.4";"0.9";"373";"";"";"HighD";"ExitAfterXBars";"0.0";"18.6";"1.07";"1.07"
"Strategy 4.8.107";"";"4";"969";"1.56";"34721.22";"2463.91";"14.09";"35.83";"0.87";"311";"";"";"TEMA";"ExitAfterXBars";"0.0";"18.11";"0.91";"0.91"
"Strategy 4.8.116";"";"4";"1150";"1.48";"34094.97";"2470.9";"13.8";"29.65";"0.9";"315";"";"";"TEMA";"ExitAfterXBars";"0.0";"17.92";"0.8";"0.8"
"Strategy 4.8.120";"";"5";"1084";"1.52";"36135.88";"2463.91";"14.67";"33.34";"0.89";"452";"";"";"TEMA";"ExitAfterXBars";"0.0";"18.52";"1.18";"1.18"
"Strategy 4.8.125";"";"3";"1518";"1.34";"33533.54";"2463.91";"13.61";"22.09";"0.9";"493";"";"";"High";"ExitAfterXBars";"0.0";"17.76";"0.86";"0.86"
"Strategy 4.8.138";"";"4";"1041";"1.62";"39406.99";"2463.91";"15.99";"37.85";"0.9";"412";"";"";"TEMA";"ExitAfterXBars";"0.0";"19.42";"1.31";"1.31"
"Strategy 4.8.149";"";"4";"1025";"1.54";"34447.71";"2463.91";"13.98";"33.61";"0.88";"490";"";"";"TEMA";"ExitAfterXBars";"0.0";"18.03";"0.93";"0.93"
"Strategy 4.8.147";"";"5";"1727";"1.41";"41766.02";"2680.98";"15.58";"24.18";"0.89";"412";"";"";"TEMA";"ExitAfterXBars";"0.0";"20.04";"1.11";"1.11"
"Strategy 4.8.160";"";"4";"1080";"1.44";"31599.43";"2463.91";"12.82";"29.26";"0.85";"323";"";"";"High";"ExitAfterXBars";"0.0";"17.16";"0.82";"0.82"
"Strategy 4.8.166";"";"4";"1532";"1.43";"40695.54";"2463.91";"16.52";"26.56";"0.9";"495";"";"";"TEMA";"ExitAfterXBars";"0.0";"19.77";"0.97";"0.97"
"Strategy 4.8.180";"";"3";"910";"1.58";"32878.62";"2463.91";"13.34";"36.13";"0.88";"300";"";"";"High";"ExitAfterXBars";"0.0";"17.56";"1.13";"1.13"
"Strategy 4.8.178";"";"4";"778";"1.64";"31110.68";"2579.14";"12.06";"39.99";"0.88";"453";"";"";"TEMA";"ExitAfterXBars";"0.0";"17.01";"0.85";"0.85"
"Strategy 1.7.105";"";"6";"1060";"1.46";"32554.39";"2463.91";"13.21";"30.71";"0.89";"376";"";"";"BollingerBands,HeikenAshiLow";"ExitAfterXBars";"0.0";"17.46";"0.81";"0.81"
"Strategy 1.7.104";"";"3";"1698";"1.37";"39951.06";"3000.71";"13.31";"23.53";"0.9";"413";"";"";"HeikenAshiLow";"ExitAfterXBars";"0.0";"19.57";"0.85";"0.85"
"Strategy 1.7.130";"";"3";"1218";"1.54";"38557.5";"2596.79";"14.85";"31.66";"0.9";"541";"";"";"HighestInRange";"ExitAfterXBars";"0.0";"19.19";"1.17";"1.17"
"Strategy 1.7.137";"";"6";"1153";"1.55";"39692.5";"2463.91";"16.11";"34.43";"0.89";"243";"";"";"TEMA";"ExitAfterXBars";"0.0";"19.5";"1.06";"1.06"
"Strategy 1.7.142";"";"5";"1048";"1.63";"38917.57";"2463.91";"15.8";"37.14";"0.91";"267";"";"";"HighestInRange";"ExitAfterXBars";"0.0";"19.29";"0.99";"0.99"
"Strategy 1.7.138";"";"7";"676";"1.7";"31020.53";"2463.91";"12.59";"45.89";"0.86";"502";"";"";"Close,TEMA";"ExitAfterXBars";"0.0";"16.98";"0.98";"0.98"
"Strategy 1.7.140";"";"3";"1469";"1.4";"36930.9";"2463.91";"14.99";"25.14";"0.84";"448";"";"";"HeikenAshiLow";"ExitAfterXBars";"0.0";"18.74";"1.11";"1.11"
"Strategy 1.7.144";"";"6";"923";"1.57";"33872.39";"2463.91";"13.75";"36.7";"0.87";"351";"";"";"HeikenAshiLow,TEMA";"ExitAfterXBars";"0.0";"17.86";"0.74";"0.74"
"Strategy 1.7.164";"";"3";"1242";"1.38";"31685.57";"2463.91";"12.86";"25.51";"0.89";"502";"";"";"HeikenAshiLow";"ExitAfterXBars";"0.0";"17.19";"1.0";"1.0"
"Strategy 1.7.183";"";"3";"1388";"1.39";"35546.5";"2843.07";"12.5";"25.61";"0.83";"504";"";"";"HeikenAshiLow";"ExitAfterXBars";"0.0";"18.35";"1.12";"1.12"
"Strategy 2.10.105";"";"3";"1723";"1.39";"40839.59";"3227.34";"12.65";"23.7";"0.87";"631";"";"";"Close";"ExitAfterXBars";"0.0";"19.8";"1.09";"1.09"
"Strategy 2.10.113";"";"3";"611";"1.85";"31249.69";"2463.91";"12.68";"51.15";"0.86";"320";"";"";"HighD";"ExitAfterXBars";"0.0";"17.05";"1.08";"1.08"
"Strategy 2.10.132";"";"4";"2137";"1.34";"43613.42";"3274.58";"13.32";"20.41";"0.84";"520";"";"";"TEMA";"ExitAfterXBars";"0.0";"20.51";"1.14";"1.14"
"Strategy 2.10.152";"";"3";"1229";"1.46";"34786.77";"2463.91";"14.12";"28.3";"0.87";"336";"";"";"HighD";"ExitAfterXBars";"0.0";"18.13";"1.0";"1.0"
"Strategy 2.10.137";"";"4";"1620";"1.4";"40104.25";"2463.91";"16.28";"24.76";"0.88";"490";"";"";"HeikenAshiClose";"ExitAfterXBars";"0.0";"19.61";"0.94";"0.94"
"Strategy 2.10.156";"";"3";"1479";"1.41";"37135.03";"2463.91";"15.07";"25.11";"0.88";"490";"";"";"HighestInRange";"ExitAfterXBars";"0.0";"18.8";"1.0";"1.0"
"Strategy 2.10.185";"";"3";"1841";"1.37";"39889.06";"2819.45";"14.15";"21.67";"0.89";"397";"";"";"HighestInRange";"ExitAfterXBars";"0.0";"19.55";"1.11";"1.11"
"Strategy 3.9.125";"";"4";"1015";"1.55";"34733.51";"2463.91";"14.1";"34.22";"0.89";"390";"";"";"HighestInRange";"ExitAfterXBars";"0.0";"18.11";"0.92";"0.92"
"Strategy 3.9.138";"";"5";"1312";"1.4";"33615.11";"2463.91";"13.64";"25.62";"0.91";"452";"";"";"High";"ExitAfterXBars";"0.0";"17.78";"1.24";"1.24"
"Strategy 3.9.175";"";"4";"908";"1.6";"34634.95";"2463.91";"14.06";"38.14";"0.9";"242";"";"";"TEMA";"ExitAfterXBars";"0.0";"18.08";"1.12";"1.12"
"Strategy 3.9.184";"";"4";"1339";"1.56";"42806.87";"2463.91";"17.37";"31.97";"0.92";"495";"";"";"TEMA";"ExitAfterXBars";"0.0";"20.31";"1.16";"1.16"
"Strategy 4.9.105";"";"4";"981";"1.6";"37033.5";"2463.91";"15.03";"37.75";"0.89";"490";"";"";"TEMA";"ExitAfterXBars";"0.0";"18.77";"1.01";"1.01"
"Strategy 4.9.108";"";"4";"1561";"1.48";"44206.03";"2463.91";"17.94";"28.32";"0.89";"490";"";"";"TEMA";"ExitAfterXBars";"0.0";"20.66";"1.05";"1.05"
"Strategy 4.9.135";"";"4";"1008";"1.52";"33064.12";"2463.91";"13.42";"32.8";"0.89";"501";"";"";"TEMA";"ExitAfterXBars";"0.0";"17.61";"1.03";"1.03"
"Strategy 4.9.138";"";"4";"2121";"1.33";"41905.63";"3386.45";"12.37";"19.76";"0.87";"530";"";"";"TEMA";"ExitAfterXBars";"0.0";"20.08";"1.1";"1.1"
"Strategy 4.9.130";"";"6";"960";"1.47";"29846.35";"2463.91";"12.11";"31.09";"0.86";"333";"";"";"TEMA";"ExitAfterXBars";"0.0";"16.6";"0.82";"0.82"
"Strategy 4.9.153";"";"5";"1112";"1.55";"37422.41";"2487.84";"15.04";"33.65";"0.9";"414";"";"";"TEMA";"ExitAfterXBars";"0.0";"18.88";"1.23";"1.23"
"Strategy 4.9.149";"";"5";"1368";"1.46";"39488.73";"2490.73";"15.85";"28.87";"0.88";"642";"";"";"TEMA";"ExitAfterXBars";"0.0";"19.44";"1.08";"1.08"
"Strategy 4.9.161";"";"3";"1097";"1.53";"37578.73";"2612.17";"14.39";"34.26";"0.83";"490";"";"";"High";"ExitAfterXBars";"0.0";"18.92";"0.97";"0.97"
"Strategy 4.9.156";"";"4";"1532";"1.44";"40802.48";"2463.91";"16.56";"26.63";"0.91";"490";"";"";"TEMA";"ExitAfterXBars";"0.0";"19.79";"1.03";"1.03"
"Strategy 4.9.178";"";"5";"1851";"1.42";"46684.3";"2837.01";"16.46";"25.22";"0.86";"503";"";"";"TEMA";"ExitAfterXBars";"0.0";"21.26";"1.05";"1.05"
"Strategy 1.8.114";"";"5";"1263";"1.62";"44275.84";"2774.21";"15.96";"35.06";"0.93";"402";"";"";"BollingerBands,HighestInRange";"ExitAfterXBars";"0.0";"20.68";"1.09";"1.09"
"Strategy 1.8.113";"";"4";"1504";"1.37";"35002.15";"2761.08";"12.68";"23.27";"0.89";"377";"";"";"High";"ExitAfterXBars";"0.0";"18.19";"0.87";"0.87"
"Strategy 1.8.101";"";"5";"1513";"1.43";"41422.8";"2739.46";"15.12";"27.38";"0.86";"490";"";"";"HeikenAshiLow,High";"ExitAfterXBars";"0.0";"19.95";"1.12";"1.12"
"Strategy 1.8.127";"";"5";"675";"1.69";"30150.21";"2463.91";"12.24";"44.67";"0.86";"452";"";"";"Close,TEMA";"ExitAfterXBars";"0.0";"16.7";"0.96";"0.96"
"Strategy 1.8.133";"";"6";"620";"1.77";"30213.57";"2463.91";"12.26";"48.73";"0.89";"452";"";"";"Close,TEMA";"ExitAfterXBars";"0.0";"16.72";"1.06";"1.06"
"Strategy 1.8.143";"";"5";"1764";"1.38";"40040.89";"2806.63";"14.27";"22.7";"0.89";"413";"";"";"HighestInRange";"ExitAfterXBars";"0.0";"19.59";"1.0";"1.0"
"Strategy 1.8.149";"";"3";"1273";"1.57";"40376.44";"2463.91";"16.39";"31.72";"0.9";"517";"";"";"HighestInRange";"ExitAfterXBars";"0.0";"19.68";"1.1";"1.1"
"Strategy 1.8.134";"";"3";"1071";"1.45";"31780.65";"2463.91";"12.9";"29.67";"0.86";"535";"";"";"HeikenAshiLow";"ExitAfterXBars";"0.0";"17.22";"1.14";"1.14"
"Strategy 1.8.147";"";"6";"675";"1.7";"30485.31";"2463.91";"12.37";"45.16";"0.86";"452";"";"";"TEMA";"ExitAfterXBars";"0.0";"16.81";"1.06";"1.06"
"Strategy 1.8.154";"";"6";"1144";"1.45";"32926.66";"2463.91";"13.36";"28.78";"0.89";"436";"";"";"HeikenAshiLow,High";"ExitAfterXBars";"0.0";"17.57";"0.88";"0.88"
"Strategy 1.8.174";"";"5";"1576";"1.4";"39569.77";"3272.14";"12.09";"25.11";"0.89";"440";"";"";"Close,High";"ExitAfterXBars";"0.0";"19.47";"1.04";"1.04"
"Strategy 2.11.114";"";"3";"1723";"1.41";"42602.61";"2657.32";"16.03";"24.73";"0.86";"530";"";"";"Close";"ExitAfterXBars";"0.0";"20.26";"1.42";"1.42"
"Strategy 2.11.102";"";"4";"774";"1.66";"33473.25";"2463.91";"13.59";"43.25";"0.82";"473";"";"";"TEMA";"ExitAfterXBars";"0.0";"17.74";"1.05";"1.05"
"Strategy 2.11.125";"";"4";"550";"1.88";"30292.74";"2463.91";"12.29";"55.08";"0.88";"263";"";"";"HeikenAshiClose";"ExitAfterXBars";"0.0";"16.75";"1.09";"1.09"
"Strategy 2.11.130";"";"4";"1661";"1.4";"41036.97";"3377.02";"12.15";"24.71";"0.88";"469";"";"";"HeikenAshiLow";"ExitAfterXBars";"0.0";"19.85";"1.04";"1.04"
"Strategy 2.11.166";"";"6";"1562";"1.42";"40056.62";"2713.21";"14.76";"25.64";"0.9";"495";"";"";"TEMA";"ExitAfterXBars";"0.0";"19.6";"1.14";"1.14"
"Strategy 2.11.170";"";"3";"1790";"1.36";"38376.59";"3185.33";"12.05";"21.44";"0.89";"565";"";"";"HighestInRange";"ExitAfterXBars";"0.0";"19.14";"0.85";"0.85"
"Strategy 2.11.179";"";"5";"2137";"1.34";"43039.66";"3435.6";"12.53";"20.14";"0.85";"521";"";"";"TEMA";"ExitAfterXBars";"0.0";"20.37";"1.0";"1.0"
"Strategy 2.11.175";"";"6";"1944";"1.36";"42308.22";"2798.64";"15.12";"21.76";"0.86";"504";"";"";"HeikenAshiLow";"ExitAfterXBars";"0.0";"20.18";"1.14";"1.14"
"Strategy 3.10.114";"";"4";"1195";"1.54";"38821.45";"2487.84";"15.6";"32.49";"0.88";"248";"";"";"TEMA";"ExitAfterXBars";"0.0";"19.26";"1.37";"1.37"
"Strategy 3.10.121";"";"5";"979";"1.5";"32506.1";"2463.91";"13.19";"33.2";"0.88";"369";"";"";"High";"ExitAfterXBars";"0.0";"17.44";"0.93";"0.93"
"Strategy 3.10.149";"";"5";"1084";"1.52";"36394.18";"2463.91";"14.77";"33.57";"0.86";"313";"";"";"High";"ExitAfterXBars";"0.0";"18.59";"1.01";"1.01"
"Strategy 3.10.155";"";"5";"1408";"1.41";"35261.05";"2463.91";"14.31";"25.04";"0.91";"504";"";"";"High";"ExitAfterXBars";"0.0";"18.27";"1.15";"1.15"
"Strategy 4.10.111";"";"5";"1826";"1.35";"39108.76";"2909.8";"13.44";"21.42";"0.89";"397";"";"";"TEMA";"ExitAfterXBars";"0.0";"19.34";"0.92";"0.92"
"Strategy 4.10.121";"";"5";"1567";"1.37";"36514.12";"2524.38";"14.46";"23.3";"0.9";"495";"";"";"TEMA";"ExitAfterXBars";"0.0";"18.62";"0.85";"0.85"
"Strategy 4.10.115";"";"5";"965";"1.53";"33705.78";"2805.65";"12.01";"34.93";"0.85";"437";"";"";"TEMA";"ExitAfterXBars";"0.0";"17.81";"0.92";"0.92"
"Strategy 4.10.120";"";"4";"1519";"1.41";"38580.59";"2463.91";"15.66";"25.4";"0.89";"469";"";"";"TEMA";"ExitAfterXBars";"0.0";"19.2";"0.95";"0.95"
"Strategy 4.10.133";"";"4";"1541";"1.38";"36774.38";"2476.04";"14.85";"23.86";"0.89";"598";"";"";"TEMA";"ExitAfterXBars";"0.0";"18.7";"0.95";"0.95"
"Strategy 4.10.147";"";"4";"1727";"1.39";"40737.16";"2768.34";"14.72";"23.59";"0.88";"490";"";"";"TEMA";"ExitAfterXBars";"0.0";"19.78";"0.99";"0.99"
"Strategy 4.10.150";"";"5";"1181";"1.52";"38201.32";"2463.91";"15.5";"32.35";"0.87";"278";"";"";"TEMA";"ExitAfterXBars";"0.0";"19.1";"1.08";"1.08"
"Strategy 4.10.164";"";"5";"1512";"1.42";"39812.75";"2463.91";"16.16";"26.33";"0.89";"269";"";"";"High";"ExitAfterXBars";"0.0";"19.53";"1.02";"1.02"
"Strategy 4.10.161";"";"5";"963";"1.56";"34694.83";"2610.27";"13.29";"36.03";"0.86";"429";"";"";"TEMA";"ExitAfterXBars";"0.0";"18.1";"0.9";"0.9"
"Strategy 4.10.169";"";"4";"749";"1.65";"32716.17";"2652.19";"12.34";"43.68";"0.77";"475";"";"";"TEMA";"ExitAfterXBars";"0.0";"17.51";"1.08";"1.08"
"Strategy 3.11.108";"";"4";"1419";"1.44";"37399.37";"2673.4";"13.99";"26.36";"0.9";"263";"";"";"HighD";"ExitAfterXBars";"0.0";"18.87";"1.14";"1.14"
"Strategy 3.11.127";"";"4";"973";"1.55";"34252.56";"2463.91";"13.9";"35.2";"0.83";"345";"";"";"TEMA";"ExitAfterXBars";"0.0";"17.97";"0.87";"0.87"
"Strategy 3.11.116";"";"5";"1519";"1.36";"35140.3";"2617.9";"13.42";"23.13";"0.87";"585";"";"";"HeikenAshiLow";"ExitAfterXBars";"0.0";"18.23";"0.95";"0.95"
"Strategy 3.11.140";"";"3";"1977";"1.31";"37178.81";"2838.14";"13.1";"18.81";"0.86";"398";"";"";"HighD";"ExitAfterXBars";"0.0";"18.81";"1.01";"1.01"
"Strategy 3.11.146";"";"9";"355";"1.96";"18887.67";"1443.6";"13.08";"53.2";"0.81";"809";"";"";"HighD,QQE";"ExitAfterXBars";"0.0";"12.51";"1.01";"1.01"
"Strategy 3.11.149";"";"3";"982";"1.52";"33620.68";"2463.91";"13.65";"34.24";"0.89";"369";"";"";"High";"ExitAfterXBars";"0.0";"17.78";"0.92";"0.92"
"Strategy 4.11.101";"";"4";"747";"1.63";"31729.23";"2463.91";"12.88";"42.48";"0.8";"445";"";"";"TEMA";"ExitAfterXBars";"0.0";"17.2";"1.03";"1.03"
"Strategy 4.11.117";"";"5";"919";"1.63";"35528.69";"2463.91";"14.42";"38.66";"0.89";"398";"";"";"TEMA";"ExitAfterXBars";"0.0";"18.34";"0.96";"0.96"
"Strategy 4.11.120";"";"4";"1205";"1.47";"36245.1";"2565.48";"14.13";"30.08";"0.82";"362";"";"";"TEMA";"ExitAfterXBars";"0.0";"18.55";"0.86";"0.86"
"Strategy 4.11.127";"";"4";"1288";"1.42";"35398.6";"2682.33";"13.2";"27.48";"0.84";"1053";"";"";"TEMA";"ExitAfterXBars";"0.0";"18.31";"0.89";"0.89"
"Strategy 4.11.136";"";"4";"1740";"1.43";"44978.21";"3450.24";"13.04";"25.85";"0.9";"490";"";"";"TEMA";"ExitAfterXBars";"0.0";"20.85";"1.06";"1.06"
"Strategy 4.11.138";"";"4";"1727";"1.39";"40752.78";"2486.68";"16.39";"23.6";"0.89";"311";"";"";"TEMA";"ExitAfterXBars";"0.0";"19.78";"0.99";"0.99"
"Strategy 4.11.155";"";"7";"980";"1.55";"34567.79";"2463.91";"14.03";"35.27";"0.87";"315";"";"";"TEMA";"ExitAfterXBars";"0.0";"18.06";"0.85";"0.85"
"Strategy 4.11.163";"";"4";"1567";"1.39";"38475.35";"3056.59";"12.59";"24.55";"0.89";"586";"";"";"TEMA";"ExitAfterXBars";"0.0";"19.17";"0.93";"0.93"
"Strategy 4.11.170";"";"5";"1727";"1.42";"42683.4";"2463.91";"17.32";"24.72";"0.9";"413";"";"";"TEMA";"ExitAfterXBars";"0.0";"20.28";"1.11";"1.11"
"Strategy 2.12.115";"";"6";"1347";"1.39";"34004.36";"2669.43";"12.74";"25.24";"0.88";"503";"";"";"TEMA";"ExitAfterXBars";"0.0";"17.9";"0.85";"0.85"
"Strategy 2.12.123";"";"4";"1579";"1.36";"35746.86";"2670.59";"13.39";"22.64";"0.87";"466";"";"";"TEMA";"ExitAfterXBars";"0.0";"18.41";"0.87";"0.87"
"Strategy 2.12.131";"";"3";"1003";"1.54";"31798.16";"2463.91";"12.91";"31.7";"0.82";"573";"";"";"HighD";"ExitAfterXBars";"0.0";"17.22";"1.75";"1.75"
"Strategy 2.12.144";"";"6";"1563";"1.41";"39279.96";"2463.91";"15.94";"25.13";"0.91";"466";"";"";"TEMA";"ExitAfterXBars";"0.0";"19.39";"1.12";"1.12"
"Strategy 2.12.150";"";"3";"1338";"1.42";"35287.88";"2463.91";"14.32";"26.37";"0.89";"391";"";"";"HighestInRange";"ExitAfterXBars";"0.0";"18.27";"0.93";"0.93"
"Strategy 2.12.168";"";"6";"1592";"1.4";"39130.34";"2463.91";"15.88";"24.58";"0.89";"389";"";"";"TEMA";"ExitAfterXBars";"0.0";"19.35";"0.97";"0.97"
"Strategy 2.12.181";"";"6";"1944";"1.36";"42172.59";"2783.0";"15.15";"21.69";"0.86";"504";"";"";"HeikenAshiLow";"ExitAfterXBars";"0.0";"20.15";"1.03";"1.03"
"Strategy 1.9.102";"";"5";"1714";"1.42";"42860.51";"2919.03";"14.68";"25.01";"0.88";"524";"";"";"Close,TEMA";"ExitAfterXBars";"0.0";"20.32";"1.1";"1.1"
"Strategy 1.9.137";"";"4";"1713";"1.38";"40351.46";"3290.48";"12.26";"23.56";"0.9";"520";"";"";"Close";"ExitAfterXBars";"0.0";"19.67";"0.96";"0.96"
"Strategy 1.9.160";"";"5";"987";"1.51";"32794.21";"2463.91";"13.31";"33.23";"0.88";"326";"";"";"High,HighestInRange";"ExitAfterXBars";"0.0";"17.53";"0.81";"0.81"
"Strategy 1.9.173";"";"3";"1133";"1.55";"37404.55";"2463.91";"15.18";"33.01";"0.89";"531";"";"";"HighestInRange";"ExitAfterXBars";"0.0";"18.88";"1.01";"1.01"
"Strategy 1.9.165";"";"5";"1265";"1.47";"37607.39";"2807.11";"13.4";"29.73";"0.85";"490";"";"";"HeikenAshiLow,HighD";"ExitAfterXBars";"0.0";"18.93";"1.03";"1.03"
"Strategy 1.9.176";"";"5";"1099";"1.41";"30811.9";"2515.6";"12.25";"28.04";"0.85";"315";"";"";"HeikenAshiLow";"ExitAfterXBars";"0.0";"16.91";"0.79";"0.79"
"Strategy 3.12.177";"";"7";"835";"1.55";"32028.8";"2324.31";"13.78";"38.36";"0.92";"301";"";"";"HighestInRange,KeltnerChannel";"ExitAfterXBars";"0.0";"17.3";"0.75";"0.75"
"Strategy 4.12.112";"";"5";"1211";"1.44";"33733.59";"2518.32";"13.4";"27.86";"0.89";"414";"";"";"TEMA";"ExitAfterXBars";"0.0";"17.82";"0.95";"0.95"
"Strategy 4.12.113";"";"5";"1728";"1.4";"41029.33";"2698.93";"15.2";"23.74";"0.9";"466";"";"";"TEMA";"ExitAfterXBars";"0.0";"19.85";"1.07";"1.07"
"Strategy 4.12.123";"";"6";"1727";"1.41";"41861.85";"2656.33";"15.76";"24.24";"0.89";"413";"";"";"TEMA";"ExitAfterXBars";"0.0";"20.07";"1.02";"1.02"
"Strategy 4.12.138";"";"4";"1441";"1.59";"48794.53";"2537.55";"19.23";"33.86";"0.92";"466";"";"";"TEMA";"ExitAfterXBars";"0.0";"21.75";"1.01";"1.01"
"Strategy 4.12.140";"";"6";"624";"1.76";"30625.69";"2463.91";"12.43";"49.08";"0.86";"503";"";"";"TEMA";"ExitAfterXBars";"0.0";"16.85";"0.92";"0.92"
"Strategy 4.12.141";"";"6";"1937";"1.34";"39884.97";"3011.19";"13.25";"20.59";"0.88";"558";"";"";"TEMA";"ExitAfterXBars";"0.0";"19.55";"0.96";"0.96"
"Strategy 4.12.142";"";"4";"1271";"1.44";"35660.85";"2463.91";"14.47";"28.06";"0.86";"586";"";"";"TEMA";"ExitAfterXBars";"0.0";"18.38";"0.89";"0.89"
"Strategy 4.12.151";"";"6";"1936";"1.39";"45402.73";"3206.88";"14.16";"23.45";"0.89";"490";"";"";"High";"ExitAfterXBars";"0.0";"20.95";"0.99";"0.99"
"Strategy 4.12.153";"";"6";"1271";"1.38";"31347.16";"2463.91";"12.72";"24.66";"0.89";"585";"";"";"TEMA";"ExitAfterXBars";"0.0";"17.08";"0.85";"0.85"
"Strategy 4.12.181";"";"5";"1134";"1.49";"33765.43";"2662.39";"12.68";"29.78";"0.87";"414";"";"";"TEMA";"ExitAfterXBars";"0.0";"17.82";"1.05";"1.05"
"Strategy 4.12.179";"";"4";"1124";"1.49";"35773.4";"2543.64";"14.06";"31.83";"0.87";"495";"";"";"TEMA";"ExitAfterXBars";"0.0";"18.41";"0.91";"0.91"
"Strategy 2.13.102";"";"5";"1052";"1.53";"32161.51";"2463.91";"13.05";"30.57";"0.83";"573";"";"";"HighD";"ExitAfterXBars";"0.0";"17.34";"1.57";"1.57"
"Strategy 2.13.137";"";"5";"1703";"1.43";"43577.56";"3535.08";"12.33";"25.59";"0.9";"413";"";"";"TEMA";"ExitAfterXBars";"0.0";"20.5";"1.1";"1.1"
"Strategy 1.10.123";"";"5";"1799";"1.34";"37865.87";"2841.06";"13.33";"21.05";"0.82";"631";"";"";"Close";"ExitAfterXBars";"0.0";"19.0";"0.92";"0.92"
"Strategy 1.10.138";"";"6";"1384";"1.42";"36560.08";"2787.29";"13.12";"26.42";"0.9";"482";"";"";"Close,KeltnerChannel";"ExitAfterXBars";"0.0";"18.64";"0.87";"0.87"
"Strategy 1.10.146";"";"5";"1358";"1.42";"36943.06";"2463.91";"14.99";"27.2";"0.9";"386";"";"";"Close";"ExitAfterXBars";"0.0";"18.75";"0.87";"0.87"
"Strategy 1.10.149";"";"6";"2103";"1.32";"40424.15";"2886.28";"14.01";"19.22";"0.9";"525";"";"";"High";"ExitAfterXBars";"0.0";"19.69";"0.92";"0.92"
"Strategy 1.10.161";"";"6";"1287";"1.39";"32838.3";"2463.91";"13.33";"25.52";"0.86";"397";"";"";"TEMA";"ExitAfterXBars";"0.0";"17.54";"0.83";"0.83"
"Strategy 1.10.168";"";"5";"1575";"1.36";"36421.28";"2727.06";"13.36";"23.12";"0.9";"499";"";"";"High";"ExitAfterXBars";"0.0";"18.6";"0.89";"0.89"
"Strategy 1.10.174";"";"5";"1265";"1.48";"37980.35";"2611.51";"14.54";"30.02";"0.85";"472";"";"";"HeikenAshiLow,HighD";"ExitAfterXBars";"0.0";"19.03";"1.03";"1.03"
"Strategy 1.10.184";"";"6";"1744";"1.37";"39742.08";"3057.97";"13.0";"22.79";"0.84";"495";"";"";"HeikenAshiLow,High";"ExitAfterXBars";"0.0";"19.51";"1.25";"1.25"
"Strategy 3.13.129";"";"6";"933";"1.56";"33275.9";"2463.91";"13.51";"35.67";"0.88";"413";"";"";"TEMA";"ExitAfterXBars";"0.0";"17.68";"0.85";"0.85"
"Strategy 3.13.154";"";"5";"831";"1.6";"31235.07";"2463.91";"12.68";"37.59";"0.88";"409";"";"";"High,HighestInRange";"ExitAfterXBars";"0.0";"17.05";"0.8";"0.8"
"Strategy 3.13.160";"";"3";"1089";"1.49";"33893.54";"2463.91";"13.76";"31.12";"0.87";"413";"";"";"HighestInRange";"ExitAfterXBars";"0.0";"17.86";"0.85";"0.85"
"Strategy 4.13.103";"";"5";"1102";"1.54";"37106.95";"2502.95";"14.83";"33.67";"0.9";"528";"";"";"TEMA";"ExitAfterXBars";"0.0";"18.79";"1.35";"1.35"
"Strategy 4.13.106";"";"4";"1476";"1.42";"38253.31";"2958.63";"12.93";"25.92";"0.88";"504";"";"";"TEMA";"ExitAfterXBars";"0.0";"19.11";"1.05";"1.05"
"Strategy 4.13.109";"";"5";"1144";"1.51";"37020.55";"2463.91";"15.03";"32.36";"0.9";"500";"";"";"TEMA";"ExitAfterXBars";"0.0";"18.77";"1.03";"1.03"
"Strategy 4.13.99";"";"6";"1812";"1.33";"36695.66";"2776.14";"13.22";"20.25";"0.88";"267";"";"";"HeikenAshiLow";"ExitAfterXBars";"0.0";"18.68";"0.89";"0.89"
"Strategy 4.13.119";"";"6";"1078";"1.46";"33086.78";"2463.91";"13.43";"30.69";"0.85";"395";"";"";"High";"ExitAfterXBars";"0.0";"17.62";"0.8";"0.8"
"Strategy 4.13.157";"";"4";"1505";"1.45";"40248.04";"2724.86";"14.77";"26.74";"0.92";"316";"";"";"TEMA";"ExitAfterXBars";"0.0";"19.65";"1.37";"1.37"
"Strategy 4.13.153";"";"4";"1883";"1.37";"41742.91";"2950.18";"14.15";"22.17";"0.9";"376";"";"";"TEMA";"ExitAfterXBars";"0.0";"20.04";"0.98";"0.98"
"Strategy 4.13.144";"";"3";"2152";"1.34";"42982.22";"3341.38";"12.86";"19.97";"0.87";"585";"";"";"HeikenAshiLow";"ExitAfterXBars";"0.0";"20.35";"0.8";"0.8"
"Strategy 4.13.184";"";"5";"1071";"1.58";"39013.62";"2463.91";"15.83";"36.43";"0.88";"503";"";"";"TEMA";"ExitAfterXBars";"0.0";"19.32";"1.0";"1.0"
"Strategy 2.14.179";"";"4";"1437";"1.39";"36611.45";"2727.08";"13.43";"25.48";"0.91";"313";"";"";"HeikenAshiLow";"ExitAfterXBars";"0.0";"18.65";"1.03";"1.03"
"Strategy 3.14.177";"";"3";"1247";"1.44";"35701.74";"2807.64";"12.72";"28.63";"0.89";"392";"";"";"High";"ExitAfterXBars";"0.0";"18.39";"0.88";"0.88"
"Strategy 1.11.112";"";"5";"1358";"1.42";"36877.86";"2463.91";"14.97";"27.16";"0.9";"386";"";"";"Close";"ExitAfterXBars";"0.0";"18.73";"0.86";"0.86"
"Strategy 1.11.113";"";"5";"1340";"1.51";"41668.13";"2463.91";"16.91";"31.1";"0.89";"263";"";"";"TEMA";"ExitAfterXBars";"0.0";"20.02";"1.43";"1.43"
"Strategy 1.11.123";"";"5";"1588";"1.43";"42053.86";"2690.75";"15.63";"26.48";"0.89";"502";"";"";"Close,High";"ExitAfterXBars";"0.0";"20.12";"1.07";"1.07"
"Strategy 1.11.132";"";"5";"2089";"1.31";"38783.95";"2686.91";"14.43";"18.57";"0.82";"493";"";"";"TEMA";"ExitAfterXBars";"0.0";"19.25";"1.32";"1.32"
"Strategy 1.11.135";"";"6";"716";"1.67";"29708.75";"2463.91";"12.06";"41.49";"0.86";"757";"";"";"High,HighD";"ExitAfterXBars";"0.0";"16.56";"1.56";"1.56"
"Strategy 1.11.142";"";"6";"1493";"1.39";"36450.53";"2609.0";"13.97";"24.41";"0.9";"249";"";"";"HeikenAshiLow,High";"ExitAfterXBars";"0.0";"18.61";"1.0";"1.0"
"Strategy 1.11.146";"";"5";"1249";"1.47";"37620.58";"2644.4";"14.23";"30.12";"0.84";"462";"";"";"HeikenAshiLow,HighD";"ExitAfterXBars";"0.0";"18.94";"0.95";"0.95"
"Strategy 1.11.158";"";"5";"1420";"1.47";"42030.82";"2712.49";"15.5";"29.6";"0.9";"431";"";"";"Close";"ExitAfterXBars";"0.0";"20.11";"1.04";"1.04"
"Strategy 1.11.173";"";"5";"528";"1.86";"29813.89";"2463.91";"12.1";"56.47";"0.87";"579";"";"";"HeikenAshiLow";"ExitAfterXBars";"0.0";"16.59";"1.03";"1.03"
"Strategy 4.14.124";"";"4";"1165";"1.51";"36423.36";"2728.76";"13.35";"31.26";"0.89";"566";"";"";"TEMA";"ExitAfterXBars";"0.0";"18.6";"1.21";"1.21"
"Strategy 4.14.108";"";"3";"1689";"1.38";"40654.1";"2531.06";"16.06";"24.07";"0.89";"363";"";"";"HeikenAshiLow";"ExitAfterXBars";"0.0";"19.75";"1.01";"1.01"
"Strategy 4.14.120";"";"4";"1427";"1.45";"40304.63";"2707.85";"14.88";"28.24";"0.87";"490";"";"";"HeikenAshiLow";"ExitAfterXBars";"0.0";"19.66";"0.94";"0.94"
"Strategy 4.14.134";"";"5";"868";"1.55";"31510.68";"2488.97";"12.66";"36.3";"0.83";"413";"";"";"TEMA";"ExitAfterXBars";"0.0";"17.13";"0.85";"0.85"
"Strategy 4.14.153";"";"4";"742";"1.65";"31458.69";"2463.91";"12.77";"42.4";"0.82";"409";"";"";"TEMA";"ExitAfterXBars";"0.0";"17.12";"1.01";"1.01"
"Strategy 4.14.166";"";"4";"1291";"1.6";"43999.41";"2463.91";"17.86";"34.08";"0.93";"495";"";"";"TEMA";"ExitAfterXBars";"0.0";"20.61";"1.35";"1.35"
"Strategy 4.14.167";"";"4";"1322";"1.41";"35627.79";"2867.79";"12.42";"26.95";"0.85";"329";"";"";"TEMA";"ExitAfterXBars";"0.0";"18.37";"0.99";"0.99"
"Strategy 3.15.105";"";"4";"1450";"1.5";"44032.56";"3526.13";"12.49";"30.37";"0.87";"388";"";"";"HighestInRange";"ExitAfterXBars";"0.0";"20.62";"1.08";"1.08"
"Strategy 3.15.111";"";"3";"1247";"1.45";"36657.56";"2807.64";"13.06";"29.4";"0.88";"490";"";"";"High";"ExitAfterXBars";"0.0";"18.67";"1.01";"1.01"
"Strategy 3.15.158";"";"3";"728";"1.73";"31824.27";"2463.91";"12.92";"43.71";"0.88";"523";"";"";"HighD";"ExitAfterXBars";"0.0";"17.23";"1.92";"1.92"
"Strategy 1.12.144";"";"6";"1016";"1.52";"32178.34";"2463.91";"13.06";"31.67";"0.89";"487";"";"";"High,HighD";"ExitAfterXBars";"0.0";"17.34";"0.89";"0.89"
"Strategy 1.12.155";"";"3";"1150";"1.4";"30122.17";"2480.47";"12.14";"26.19";"0.84";"503";"";"";"Close";"ExitAfterXBars";"0.0";"16.69";"0.73";"0.73"
"Strategy 2.15.152";"";"4";"1938";"1.32";"36904.15";"2463.91";"14.98";"19.04";"0.88";"260";"";"";"HighD";"ExitAfterXBars";"0.0";"18.74";"0.95";"0.95"
"Strategy 2.15.161";"";"3";"1448";"1.46";"39641.67";"2463.91";"16.09";"27.38";"0.88";"503";"";"";"HighestInRange";"ExitAfterXBars";"0.0";"19.49";"0.95";"0.95"
"Strategy 2.15.167";"";"3";"962";"1.54";"30469.58";"2463.91";"12.37";"31.67";"0.83";"592";"";"";"HighD";"ExitAfterXBars";"0.0";"16.8";"1.52";"1.52"
"Strategy 2.15.133";"";"5";"1396";"1.38";"34854.1";"2748.03";"12.68";"24.97";"0.9";"366";"";"";"HeikenAshiLow";"ExitAfterXBars";"0.0";"18.15";"0.87";"0.87"
"Strategy 4.15.102";"";"5";"1445";"1.44";"37328.35";"3104.73";"12.02";"25.83";"0.9";"580";"";"";"TEMA";"ExitAfterXBars";"0.0";"18.85";"1.09";"1.09"
"Strategy 4.15.100";"";"4";"1115";"1.49";"35387.55";"2463.91";"14.36";"31.74";"0.85";"579";"";"";"TEMA";"ExitAfterXBars";"0.0";"18.3";"0.99";"0.99"
"Strategy 4.15.118";"";"6";"1337";"1.44";"36743.04";"2463.91";"14.91";"27.48";"0.88";"386";"";"";"TEMA";"ExitAfterXBars";"0.0";"18.69";"1.0";"1.0"
"Strategy 4.15.123";"";"4";"658";"1.68";"29630.52";"2463.91";"12.03";"45.03";"0.9";"266";"";"";"High";"ExitAfterXBars";"0.0";"16.53";"0.95";"0.95"
"Strategy 4.15.152";"";"3";"2104";"1.32";"40897.59";"2520.1";"16.23";"19.44";"0.84";"480";"";"";"High";"ExitAfterXBars";"0.0";"19.82";"0.97";"0.97"
"Strategy 4.15.151";"";"4";"832";"1.57";"31523.53";"2463.91";"12.79";"37.89";"0.85";"210";"";"";"TEMA";"ExitAfterXBars";"0.0";"17.14";"0.78";"0.78"
"Strategy 4.15.144";"";"4";"1427";"1.44";"39710.0";"2553.98";"15.55";"27.83";"0.87";"489";"";"";"HeikenAshiLow";"ExitAfterXBars";"0.0";"19.5";"0.85";"0.85"
"Strategy 4.15.166";"";"4";"1681";"1.34";"36269.16";"2848.92";"12.73";"21.58";"0.89";"495";"";"";"TEMA";"ExitAfterXBars";"0.0";"18.56";"0.85";"0.85"
"Strategy 4.15.175";"";"5";"1253";"1.44";"33560.95";"2561.86";"13.1";"26.78";"0.88";"308";"";"";"TEMA";"ExitAfterXBars";"0.0";"17.76";"1.24";"1.24"
"Strategy 1.13.107";"";"6";"716";"1.69";"30011.3";"2463.91";"12.18";"41.92";"0.87";"757";"";"";"High,HighD";"ExitAfterXBars";"0.0";"16.66";"1.56";"1.56"
"Strategy 1.13.116";"";"6";"1366";"1.4";"34910.36";"2463.91";"14.17";"25.56";"0.89";"264";"";"";"Close";"ExitAfterXBars";"0.0";"18.16";"0.89";"0.89"
"Strategy 1.13.139";"";"5";"1153";"1.47";"33433.33";"2463.91";"13.57";"29.0";"0.88";"518";"";"";"High,HighD";"ExitAfterXBars";"0.0";"17.73";"1.01";"1.01"
"Strategy 1.13.159";"";"3";"1531";"1.39";"36738.46";"2600.81";"14.13";"24.0";"0.91";"581";"";"";"Close";"ExitAfterXBars";"0.0";"18.69";"0.88";"0.88"
"Strategy 1.13.158";"";"5";"998";"1.52";"30763.55";"2463.91";"12.49";"30.83";"0.83";"592";"";"";"HighD";"ExitAfterXBars";"0.0";"16.9";"1.79";"1.79"
"Strategy 1.13.174";"";"6";"1358";"1.38";"33988.24";"2463.91";"13.79";"25.03";"0.89";"385";"";"";"Close";"ExitAfterXBars";"0.0";"17.89";"0.89";"0.89"
"Strategy 3.16.155";"";"3";"728";"1.67";"29773.1";"2463.91";"12.08";"40.9";"0.88";"630";"";"";"HighD";"ExitAfterXBars";"0.0";"16.58";"1.84";"1.84"
"Strategy 3.16.153";"";"4";"1035";"1.5";"30212.27";"2463.91";"12.26";"29.19";"0.83";"590";"";"";"HighD";"ExitAfterXBars";"0.0";"16.72";"1.21";"1.21"
"Strategy 2.16.125";"";"6";"1535";"1.42";"39196.24";"3231.85";"12.13";"25.53";"0.88";"502";"";"";"TEMA";"ExitAfterXBars";"0.0";"19.37";"0.82";"0.82"
"Strategy 2.16.116";"";"4";"617";"1.84";"31507.64";"2463.91";"12.79";"51.07";"0.91";"306";"";"";"HeikenAshiLow";"ExitAfterXBars";"0.0";"17.13";"1.38";"1.38"
"Strategy 2.16.129";"";"5";"1397";"1.37";"34335.92";"2833.2";"12.12";"24.58";"0.9";"363";"";"";"HeikenAshiLow";"ExitAfterXBars";"0.0";"17.99";"0.87";"0.87"
"Strategy 2.16.170";"";"6";"1130";"1.45";"29859.82";"2463.91";"12.12";"26.42";"0.85";"697";"";"";"HighD";"ExitAfterXBars";"0.0";"16.61";"1.01";"1.01"
"Strategy 4.16.100";"";"5";"1554";"1.43";"39489.53";"2632.04";"15.0";"25.41";"0.89";"573";"";"";"TEMA";"ExitAfterXBars";"0.0";"19.45";"1.08";"1.08"
"Strategy 4.16.99";"";"3";"988";"1.5";"32209.3";"2656.75";"12.12";"32.6";"0.86";"927";"";"";"High";"ExitAfterXBars";"0.0";"17.35";"0.88";"0.88"
"Strategy 4.16.103";"";"5";"1938";"1.35";"40342.06";"3137.26";"12.86";"20.82";"0.85";"585";"";"";"TEMA";"ExitAfterXBars";"0.0";"19.67";"1.31";"1.31"
"Strategy 4.16.112";"";"5";"1138";"1.49";"34884.11";"2650.7";"13.16";"30.65";"0.88";"630";"";"";"TEMA";"ExitAfterXBars";"0.0";"18.16";"1.31";"1.31"
"Strategy 4.16.132";"";"6";"1191";"1.51";"36556.19";"2850.37";"12.83";"30.69";"0.92";"398";"";"";"TEMA";"ExitAfterXBars";"0.0";"18.64";"1.27";"1.27"
"Strategy 4.16.147";"";"6";"1930";"1.36";"42179.59";"3497.41";"12.06";"21.85";"0.88";"472";"";"";"HeikenAshiLow";"ExitAfterXBars";"0.0";"20.15";"1.25";"1.25"
"Strategy 4.16.164";"";"5";"1343";"1.41";"34455.36";"2463.91";"13.98";"25.66";"0.88";"547";"";"";"TEMA";"ExitAfterXBars";"0.0";"18.03";"1.22";"1.22"
"Strategy 4.16.180";"";"6";"1362";"1.52";"41348.51";"2669.81";"15.49";"30.36";"0.88";"555";"";"";"TEMA";"ExitAfterXBars";"0.0";"19.94";"1.05";"1.05"
"Strategy 4.16.178";"";"5";"1131";"1.46";"33056.66";"2732.46";"12.1";"29.23";"0.91";"471";"";"";"TEMA";"ExitAfterXBars";"0.0";"17.61";"0.98";"0.98"
"Strategy 4.16.182";"";"4";"1086";"1.43";"31075.05";"2463.91";"12.61";"28.61";"0.89";"367";"";"";"High";"ExitAfterXBars";"0.0";"17.0";"0.91";"0.91"
"Strategy 3.17.118";"";"3";"774";"1.63";"30436.0";"2463.91";"12.35";"39.32";"0.88";"756";"";"";"HighD";"ExitAfterXBars";"0.0";"16.79";"1.35";"1.35"
"Strategy 3.17.141";"";"5";"775";"1.7";"32397.77";"2463.91";"13.15";"41.8";"0.88";"375";"";"";"HighD";"ExitAfterXBars";"0.0";"17.41";"1.04";"1.04"
"Strategy 3.17.157";"";"3";"1594";"1.36";"35742.0";"2463.91";"14.51";"22.42";"0.87";"886";"";"";"HighestInRange";"ExitAfterXBars";"0.0";"18.4";"1.07";"1.07"
"Strategy 1.15.142";"";"5";"2030";"1.31";"37271.39";"3073.17";"12.13";"18.36";"0.87";"398";"";"";"HighD";"ExitAfterXBars";"0.0";"18.84";"1.23";"1.23"
"Strategy 1.15.139";"";"4";"1361";"1.43";"37085.31";"2713.11";"13.67";"27.25";"0.85";"266";"";"";"High";"ExitAfterXBars";"0.0";"18.79";"0.93";"0.93"
"Strategy 1.15.141";"";"5";"1554";"1.4";"39843.45";"2480.46";"16.06";"25.64";"0.89";"301";"";"";"Close,HeikenAshiLow";"ExitAfterXBars";"0.0";"19.54";"0.95";"0.95"
"Strategy 2.17.102";"";"4";"1218";"1.5";"38086.38";"2473.79";"15.4";"31.27";"0.87";"466";"";"";"TEMA";"ExitAfterXBars";"0.0";"19.06";"1.15";"1.15"
"Strategy 2.17.136";"";"4";"1579";"1.4";"37393.41";"2913.27";"12.84";"23.68";"0.88";"361";"";"";"HighD";"ExitAfterXBars";"0.0";"18.87";"0.79";"0.79"
"Strategy 2.17.128";"";"6";"889";"1.56";"32245.21";"2463.91";"13.09";"36.27";"0.82";"502";"";"";"TEMA";"ExitAfterXBars";"0.0";"17.36";"1.02";"1.02"
"Strategy 4.17.102";"";"4";"1445";"1.47";"40177.55";"3120.38";"12.88";"27.8";"0.9";"591";"";"";"TEMA";"ExitAfterXBars";"0.0";"19.63";"1.22";"1.22"
"Strategy 4.17.114";"";"6";"1434";"1.44";"36976.11";"2887.4";"12.81";"25.79";"0.91";"531";"";"";"TEMA";"ExitAfterXBars";"0.0";"18.76";"1.39";"1.39"
"Strategy 4.17.116";"";"5";"1646";"1.49";"47022.32";"2463.91";"19.08";"28.57";"0.91";"490";"";"";"TEMA";"ExitAfterXBars";"0.0";"21.34";"1.1";"1.1"
"Strategy 4.17.122";"";"4";"1343";"1.43";"36175.36";"2463.91";"14.68";"26.94";"0.87";"547";"";"";"TEMA";"ExitAfterXBars";"0.0";"18.53";"1.25";"1.25"
"Strategy 4.17.129";"";"3";"1196";"1.48";"37063.08";"3042.16";"12.18";"30.99";"0.86";"772";"";"";"High";"ExitAfterXBars";"0.0";"18.78";"0.77";"0.77"
"Strategy 4.17.134";"";"4";"1576";"1.4";"38837.93";"3171.73";"12.25";"24.64";"0.86";"463";"";"";"High";"ExitAfterXBars";"0.0";"19.27";"1.09";"1.09"
"Strategy 4.17.126";"";"4";"2028";"1.33";"39864.11";"2961.16";"13.46";"19.66";"0.9";"397";"";"";"HeikenAshiClose";"ExitAfterXBars";"0.0";"19.55";"0.94";"0.94"
"Strategy 4.17.138";"";"7";"1964";"1.3";"36553.49";"3030.37";"12.06";"18.61";"0.88";"606";"";"";"TEMA";"ExitAfterXBars";"0.0";"18.64";"1.0";"1.0"
"Strategy 4.17.154";"";"4";"1538";"1.49";"44084.8";"3197.68";"13.79";"28.66";"0.89";"564";"";"";"TEMA";"ExitAfterXBars";"0.0";"20.63";"1.15";"1.15"
"Strategy 4.17.146";"";"6";"978";"1.47";"30854.17";"2463.91";"12.52";"31.55";"0.85";"436";"";"";"TEMA";"ExitAfterXBars";"0.0";"16.93";"1.04";"1.04"
"Strategy 4.17.160";"";"6";"1830";"1.3";"34705.74";"2813.35";"12.34";"18.96";"0.89";"358";"";"";"HeikenAshiLow";"ExitAfterXBars";"0.0";"18.1";"0.94";"0.94"
"Strategy 2.18.108";"";"4";"1221";"1.47";"36078.26";"2528.36";"14.27";"29.55";"0.88";"505";"";"";"TEMA";"ExitAfterXBars";"0.0";"18.5";"1.02";"1.02"
"Strategy 2.18.118";"";"4";"1214";"1.45";"33619.43";"2516.76";"13.36";"27.69";"0.89";"266";"";"";"HighD";"ExitAfterXBars";"0.0";"17.78";"1.14";"1.14"
"Strategy 2.18.160";"";"6";"1910";"1.33";"38357.12";"3195.85";"12.0";"20.08";"0.85";"632";"";"";"Close";"ExitAfterXBars";"0.0";"19.14";"0.83";"0.83"
"Strategy 3.18.100";"";"4";"1089";"1.47";"33815.6";"2463.91";"13.72";"31.05";"0.88";"313";"";"";"High";"ExitAfterXBars";"0.0";"17.84";"0.83";"0.83"
"Strategy 3.18.131";"";"3";"920";"1.54";"31078.67";"2463.91";"12.61";"33.78";"0.89";"413";"";"";"HighD";"ExitAfterXBars";"0.0";"17.0";"1.17";"1.17"
"Strategy 3.18.119";"";"4";"1156";"1.44";"32467.64";"2463.91";"13.18";"28.09";"0.88";"512";"";"";"HighestInRange";"ExitAfterXBars";"0.0";"17.43";"0.9";"0.9"
"Strategy 3.18.137";"";"5";"1079";"1.51";"35748.48";"2463.91";"14.51";"33.13";"0.88";"375";"";"";"High";"ExitAfterXBars";"0.0";"18.41";"0.95";"0.95"
"Strategy 3.18.148";"";"5";"942";"1.67";"36053.79";"2463.91";"14.63";"38.27";"0.9";"487";"";"";"HighD";"ExitAfterXBars";"0.0";"18.49";"1.14";"1.14"
"Strategy 1.16.139";"";"5";"1000";"1.47";"31467.33";"2587.85";"12.16";"31.47";"0.9";"217";"";"";"High,HighD";"ExitAfterXBars";"0.0";"17.12";"0.95";"0.95"
"Strategy 1.16.131";"";"6";"951";"1.53";"33600.43";"2463.91";"13.64";"35.33";"0.89";"263";"";"";"HeikenAshiLow,HighD";"ExitAfterXBars";"0.0";"17.78";"1.14";"1.14"
"Strategy 1.16.133";"";"5";"1083";"1.51";"35282.3";"2463.91";"14.32";"32.58";"0.87";"542";"";"";"HeikenAshiLow";"ExitAfterXBars";"0.0";"18.27";"1.46";"1.46"
"Strategy 1.16.178";"";"5";"998";"1.52";"30780.5";"2463.91";"12.49";"30.84";"0.83";"592";"";"";"HighD";"ExitAfterXBars";"0.0";"16.9";"1.79";"1.79"
"Strategy 1.16.188";"";"5";"854";"1.56";"31553.52";"2466.09";"12.79";"36.95";"0.82";"453";"";"";"Close,High";"ExitAfterXBars";"0.0";"17.15";"1.13";"1.13"
"Strategy 4.18.123";"";"3";"1629";"1.43";"42649.51";"2753.84";"15.49";"26.18";"0.86";"504";"";"";"Close";"ExitAfterXBars";"0.0";"20.27";"1.27";"1.27"
"Strategy 4.18.134";"";"6";"1756";"1.42";"42508.29";"2792.24";"15.22";"24.21";"0.89";"579";"";"";"TEMA";"ExitAfterXBars";"0.0";"20.23";"1.16";"1.16"
"Strategy 4.18.147";"";"5";"1343";"1.4";"33362.63";"2463.91";"13.54";"24.84";"0.9";"547";"";"";"TEMA";"ExitAfterXBars";"0.0";"17.7";"1.19";"1.19"
"Strategy 4.18.149";"";"5";"1151";"1.53";"37104.39";"2487.84";"14.91";"32.24";"0.89";"555";"";"";"TEMA";"ExitAfterXBars";"0.0";"18.79";"1.26";"1.26"
"Strategy 4.18.133";"";"6";"1817";"1.35";"38547.29";"2942.05";"13.1";"21.21";"0.89";"377";"";"";"HeikenAshiLow";"ExitAfterXBars";"0.0";"19.19";"0.97";"0.97"
"Strategy 4.18.154";"";"6";"1964";"1.31";"36910.8";"3030.37";"12.18";"18.79";"0.87";"606";"";"";"TEMA";"ExitAfterXBars";"0.0";"18.74";"0.91";"0.91"
"Strategy 4.18.161";"";"6";"1537";"1.51";"44973.44";"2715.01";"16.56";"29.26";"0.9";"494";"";"";"TEMA";"ExitAfterXBars";"0.0";"20.85";"1.33";"1.33"
"Strategy 4.18.150";"";"3";"1476";"1.41";"37691.9";"2586.15";"14.57";"25.54";"0.87";"272";"";"";"HeikenAshiLow";"ExitAfterXBars";"0.0";"18.96";"0.96";"0.96"
"Strategy 4.18.168";"";"5";"1269";"1.45";"35994.19";"2463.91";"14.61";"28.36";"0.9";"426";"";"";"TEMA";"ExitAfterXBars";"0.0";"18.48";"1.14";"1.14"
"Strategy 4.18.182";"";"5";"1654";"1.42";"41358.85";"3408.38";"12.13";"25.01";"0.88";"493";"";"";"TEMA";"ExitAfterXBars";"0.0";"19.94";"0.98";"0.98"
"Strategy 4.18.180";"";"4";"1375";"1.44";"37600.7";"2463.91";"15.26";"27.35";"0.9";"585";"";"";"TEMA";"ExitAfterXBars";"0.0";"18.93";"0.98";"0.98"
"Strategy 4.18.184";"";"5";"1475";"1.42";"38903.52";"2463.91";"15.79";"26.38";"0.91";"371";"";"";"TEMA";"ExitAfterXBars";"0.0";"19.29";"1.04";"1.04"
"Strategy 3.19.100";"";"4";"2014";"1.32";"39277.41";"2765.42";"14.2";"19.5";"0.9";"537";"";"";"HighestInRange";"ExitAfterXBars";"0.0";"19.39";"1.1";"1.1"
"Strategy 3.19.146";"";"6";"942";"1.65";"35087.51";"2463.91";"14.24";"37.25";"0.9";"487";"";"";"HighD";"ExitAfterXBars";"0.0";"18.22";"1.12";"1.12"
"Strategy 3.19.152";"";"4";"1192";"1.41";"31341.5";"2510.83";"12.48";"26.29";"0.87";"436";"";"";"HighestInRange";"ExitAfterXBars";"0.0";"17.08";"0.94";"0.94"
"Strategy 3.19.170";"";"3";"920";"1.53";"30529.64";"2463.91";"12.39";"33.18";"0.9";"586";"";"";"HighD";"ExitAfterXBars";"0.0";"16.82";"1.03";"1.03"
"Strategy 3.19.174";"";"4";"1604";"1.36";"37286.72";"2815.91";"13.24";"23.25";"0.89";"466";"";"";"High";"ExitAfterXBars";"0.0";"18.84";"0.85";"0.85"
"Strategy 3.19.182";"";"9";"592";"1.73";"26079.25";"1964.98";"13.27";"44.05";"0.78";"894";"";"";"HighD,QQE";"ExitAfterXBars";"0.0";"15.32";"1.53";"1.53"
"Strategy 4.19.100";"";"3";"1052";"1.48";"32240.35";"2469.26";"13.06";"30.65";"0.89";"315";"";"";"High";"ExitAfterXBars";"0.0";"17.36";"1.16";"1.16"
"Strategy 4.19.105";"";"5";"1572";"1.46";"42720.12";"2719.15";"15.71";"27.18";"0.87";"503";"";"";"TEMA";"ExitAfterXBars";"0.0";"20.29";"1.37";"1.37"
"Strategy 4.19.101";"";"5";"1130";"1.4";"30503.1";"2463.91";"12.38";"26.99";"0.86";"503";"";"";"TEMA";"ExitAfterXBars";"0.0";"16.82";"0.83";"0.83"
"Strategy 4.19.104";"";"4";"1475";"1.42";"38817.47";"2717.59";"14.28";"26.32";"0.9";"377";"";"";"TEMA";"ExitAfterXBars";"0.0";"19.26";"1.01";"1.01"
"Strategy 4.19.113";"";"4";"1057";"1.47";"33281.85";"2609.17";"12.76";"31.49";"0.86";"475";"";"";"High";"ExitAfterXBars";"0.0";"17.68";"0.94";"0.94"
"Strategy 4.19.122";"";"5";"1151";"1.54";"37357.38";"2487.84";"15.02";"32.46";"0.89";"463";"";"";"TEMA";"ExitAfterXBars";"0.0";"18.86";"1.37";"1.37"
"Strategy 4.19.133";"";"4";"1271";"1.5";"39862.54";"2463.91";"16.18";"31.36";"0.88";"495";"";"";"TEMA";"ExitAfterXBars";"0.0";"19.54";"1.05";"1.05"
"Strategy 4.19.145";"";"4";"1461";"1.41";"37915.57";"3147.06";"12.05";"25.95";"0.9";"377";"";"";"High";"ExitAfterXBars";"0.0";"19.02";"0.83";"0.83"
"Strategy 4.19.148";"";"3";"1621";"1.39";"40034.51";"2757.68";"14.52";"24.7";"0.89";"471";"";"";"High";"ExitAfterXBars";"0.0";"19.59";"1.09";"1.09"
"Strategy 4.19.143";"";"5";"1445";"1.42";"37790.46";"2463.91";"15.34";"26.15";"0.87";"336";"";"";"TEMA";"ExitAfterXBars";"0.0";"18.98";"1.26";"1.26"
"Strategy 4.19.154";"";"5";"1736";"1.45";"45325.57";"3081.37";"14.71";"26.11";"0.88";"504";"";"";"TEMA";"ExitAfterXBars";"0.0";"20.93";"1.2";"1.2"
"Strategy 4.19.155";"";"6";"1635";"1.41";"41251.44";"2765.26";"14.92";"25.23";"0.89";"413";"";"";"TEMA";"ExitAfterXBars";"0.0";"19.91";"1.0";"1.0"
"Strategy 4.19.156";"";"6";"1119";"1.42";"29859.66";"2487.84";"12.0";"26.68";"0.89";"372";"";"";"HeikenAshiClose";"ExitAfterXBars";"0.0";"16.61";"0.94";"0.94"
"Strategy 4.19.153";"";"5";"1365";"1.42";"35965.98";"2613.75";"13.76";"26.35";"0.84";"437";"";"";"TEMA";"ExitAfterXBars";"0.0";"18.47";"0.95";"0.95"
"Strategy 4.19.165";"";"6";"1537";"1.46";"41268.06";"3229.77";"12.78";"26.85";"0.88";"566";"";"";"TEMA";"ExitAfterXBars";"0.0";"19.91";"1.25";"1.25"
"Strategy 4.19.167";"";"5";"1744";"1.41";"43826.66";"3452.6";"12.69";"25.13";"0.88";"520";"";"";"Close";"ExitAfterXBars";"0.0";"20.57";"1.06";"1.06"
"Strategy 4.19.168";"";"4";"1508";"1.47";"42307.02";"2961.13";"14.29";"28.06";"0.91";"529";"";"";"TEMA";"ExitAfterXBars";"0.0";"20.18";"1.2";"1.2"
"Strategy 4.19.169";"";"5";"1347";"1.47";"39198.52";"2463.91";"15.91";"29.1";"0.88";"392";"";"";"TEMA";"ExitAfterXBars";"0.0";"19.37";"1.31";"1.31"
"Strategy 4.19.180";"";"6";"1533";"1.48";"43172.16";"2688.22";"16.06";"28.16";"0.87";"496";"";"";"TEMA";"ExitAfterXBars";"0.0";"20.4";"1.13";"1.13"
"Strategy 4.19.178";"";"4";"1636";"1.46";"44160.59";"2463.91";"17.92";"26.99";"0.91";"315";"";"";"TEMA";"ExitAfterXBars";"0.0";"20.65";"1.3";"1.3"
"Strategy 4.19.179";"";"6";"883";"1.57";"32031.84";"2463.91";"13.0";"36.28";"0.85";"413";"";"";"TEMA";"ExitAfterXBars";"0.0";"17.3";"0.99";"0.99"
"Strategy 2.19.118";"";"4";"1003";"1.54";"31881.62";"2463.91";"12.94";"31.79";"0.83";"573";"";"";"HighD";"ExitAfterXBars";"0.0";"17.25";"1.75";"1.75"
"Strategy 2.19.141";"";"4";"1061";"1.52";"31906.39";"2463.91";"12.95";"30.07";"0.82";"569";"";"";"HighD";"ExitAfterXBars";"0.0";"17.26";"1.55";"1.55"
"Strategy 2.19.147";"";"4";"1611";"1.44";"42975.68";"3269.96";"13.14";"26.68";"0.89";"495";"";"";"TEMA";"ExitAfterXBars";"0.0";"20.35";"1.02";"1.02"
"Strategy 2.19.148";"";"6";"951";"1.54";"34666.4";"2463.91";"14.07";"36.45";"0.84";"316";"";"";"TEMA";"ExitAfterXBars";"0.0";"18.09";"0.96";"0.96"
"Strategy 2.19.186";"";"5";"1221";"1.46";"35598.38";"2528.36";"14.08";"29.16";"0.88";"505";"";"";"TEMA";"ExitAfterXBars";"0.0";"18.36";"1.01";"1.01"
"Strategy 1.17.111";"";"4";"862";"1.52";"30221.49";"2463.91";"12.27";"35.06";"0.82";"452";"";"";"High";"ExitAfterXBars";"0.0";"16.72";"1.1";"1.1"
"Strategy 1.17.136";"";"5";"911";"1.52";"31956.15";"2463.91";"12.97";"35.08";"0.89";"623";"";"";"HeikenAshiLow,HighD";"ExitAfterXBars";"0.0";"17.27";"1.0";"1.0"
"Strategy 4.20.100";"";"5";"1559";"1.46";"42269.81";"3463.31";"12.21";"27.11";"0.89";"586";"";"";"TEMA";"ExitAfterXBars";"0.0";"20.17";"1.0";"1.0"
"Strategy 4.20.107";"";"4";"1195";"1.45";"34997.16";"2463.91";"14.2";"29.29";"0.87";"490";"";"";"High";"ExitAfterXBars";"0.0";"18.19";"1.03";"1.03"
"Strategy 4.20.99";"";"4";"1647";"1.4";"40141.58";"2568.88";"15.63";"24.37";"0.87";"260";"";"";"TEMA";"ExitAfterXBars";"0.0";"19.62";"1.32";"1.32"
"Strategy 4.20.106";"";"4";"1478";"1.37";"33936.01";"2710.25";"12.52";"22.96";"0.88";"371";"";"";"HighestInRange";"ExitAfterXBars";"0.0";"17.88";"0.9";"0.9"
"Strategy 4.20.119";"";"4";"1508";"1.47";"41966.68";"3067.96";"13.68";"27.83";"0.9";"580";"";"";"TEMA";"ExitAfterXBars";"0.0";"20.1";"1.02";"1.02"
"Strategy 4.20.110";"";"5";"1037";"1.49";"33321.8";"2463.91";"13.52";"32.13";"0.86";"392";"";"";"TEMA";"ExitAfterXBars";"0.0";"17.69";"1.26";"1.26"
"Strategy 4.20.112";"";"4";"1445";"1.4";"36730.22";"2463.91";"14.91";"25.42";"0.88";"246";"";"";"TEMA";"ExitAfterXBars";"0.0";"18.69";"1.24";"1.24"
"Strategy 4.20.118";"";"5";"2245";"1.3";"39724.87";"3102.42";"12.8";"17.69";"0.85";"398";"";"";"High";"ExitAfterXBars";"0.0";"19.51";"1.05";"1.05"
"Strategy 4.20.122";"";"4";"816";"1.57";"30078.18";"2501.65";"12.02";"36.86";"0.88";"670";"";"";"TEMA";"ExitAfterXBars";"0.0";"16.68";"1.28";"1.28"
"Strategy 4.20.133";"";"6";"1539";"1.53";"46646.04";"2463.91";"18.93";"30.31";"0.9";"491";"";"";"TEMA";"ExitAfterXBars";"0.0";"21.25";"1.35";"1.35"
"Strategy 4.20.131";"";"5";"1591";"1.42";"40993.31";"2463.91";"16.64";"25.77";"0.88";"490";"";"";"TEMA";"ExitAfterXBars";"0.0";"19.84";"1.07";"1.07"
"Strategy 4.20.144";"";"4";"1246";"1.38";"30019.33";"2463.91";"12.18";"24.09";"0.91";"472";"";"";"High";"ExitAfterXBars";"0.0";"16.66";"1.07";"1.07"
"Strategy 4.20.151";"";"5";"1295";"1.56";"42071.14";"2463.91";"17.07";"32.49";"0.9";"398";"";"";"TEMA";"ExitAfterXBars";"0.0";"20.12";"1.37";"1.37"
"Strategy 4.20.156";"";"5";"1738";"1.4";"42254.12";"3310.22";"12.76";"24.31";"0.86";"524";"";"";"Close";"ExitAfterXBars";"0.0";"20.17";"1.1";"1.1"
"Strategy 4.20.152";"";"3";"1517";"1.4";"37302.45";"2463.91";"15.14";"24.59";"0.9";"490";"";"";"HighestInRange";"ExitAfterXBars";"0.0";"18.85";"0.97";"0.97"
"Strategy 4.20.159";"";"5";"1150";"1.55";"38125.91";"2487.84";"15.32";"33.15";"0.9";"470";"";"";"TEMA";"ExitAfterXBars";"0.0";"19.07";"1.37";"1.37"
"Strategy 4.20.165";"";"5";"1345";"1.47";"38816.55";"2463.91";"15.75";"28.86";"0.88";"392";"";"";"TEMA";"ExitAfterXBars";"0.0";"19.26";"1.3";"1.3"
"Strategy 4.20.160";"";"6";"886";"1.58";"33048.66";"2605.37";"12.68";"37.3";"0.85";"311";"";"";"TEMA";"ExitAfterXBars";"0.0";"17.61";"1.01";"1.01"
"Strategy 4.20.169";"";"3";"1521";"1.4";"37295.41";"2463.91";"15.14";"24.52";"0.9";"490";"";"";"HighestInRange";"ExitAfterXBars";"0.0";"18.84";"0.96";"0.96"
"Strategy 4.20.171";"";"3";"1524";"1.43";"39178.67";"2463.91";"15.9";"25.71";"0.89";"413";"";"";"HighestInRange";"ExitAfterXBars";"0.0";"19.36";"1.07";"1.07"
"Strategy 4.20.175";"";"5";"1736";"1.45";"45577.19";"3042.25";"14.98";"26.25";"0.89";"504";"";"";"TEMA";"ExitAfterXBars";"0.0";"20.99";"1.11";"1.11"
"Strategy 4.20.182";"";"5";"1629";"1.4";"39358.25";"2698.05";"14.59";"24.16";"0.88";"520";"";"";"Close";"ExitAfterXBars";"0.0";"19.41";"1.21";"1.21"
"Strategy 4.20.187";"";"4";"804";"1.58";"29621.34";"2463.91";"12.02";"36.84";"0.88";"398";"";"";"TEMA";"ExitAfterXBars";"0.0";"16.53";"1.05";"1.05"
"Strategy 3.20.102";"";"3";"1161";"1.48";"35840.36";"2861.64";"12.52";"30.87";"0.87";"397";"";"";"High";"ExitAfterXBars";"0.0";"18.43";"1.16";"1.16"
"Strategy 3.20.110";"";"3";"993";"1.52";"32028.72";"2463.91";"13.0";"32.25";"0.85";"895";"";"";"HighestInRange";"ExitAfterXBars";"0.0";"17.3";"0.99";"0.99"
"Strategy 3.20.108";"";"5";"989";"1.52";"29908.26";"2463.91";"12.14";"30.24";"0.81";"397";"";"";"HighD";"ExitAfterXBars";"0.0";"16.62";"1.52";"1.52"
"Strategy 3.20.121";"";"4";"1027";"1.52";"33725.25";"2477.57";"13.61";"32.84";"0.88";"414";"";"";"TEMA";"ExitAfterXBars";"0.0";"17.81";"0.81";"0.81"
"Strategy 3.20.140";"";"5";"1474";"1.36";"34533.05";"2859.35";"12.08";"23.43";"0.86";"371";"";"";"High";"ExitAfterXBars";"0.0";"18.05";"0.99";"0.99"
"Strategy 3.20.170";"";"3";"1247";"1.43";"32438.43";"2496.99";"12.99";"26.01";"0.86";"397";"";"";"HighD";"ExitAfterXBars";"0.0";"17.42";"1.34";"1.34"
"Strategy 1.18.145";"";"4";"917";"1.55";"32645.86";"2463.91";"13.25";"35.6";"0.86";"473";"";"";"HeikenAshiLow,High";"ExitAfterXBars";"0.0";"17.49";"1.18";"1.18"
"Strategy 1.18.159";"";"4";"1535";"1.45";"42570.35";"3189.66";"13.35";"27.73";"0.88";"400";"";"";"HeikenAshiLow,High";"ExitAfterXBars";"0.0";"20.25";"1.2";"1.2"
"Strategy 3.21.115";"";"3";"1633";"1.43";"40671.29";"3102.67";"13.11";"24.91";"0.89";"586";"";"";"HighD";"ExitAfterXBars";"0.0";"19.76";"1.11";"1.11"
"Strategy 3.21.121";"";"4";"962";"1.54";"30944.01";"2463.91";"12.56";"32.17";"0.86";"688";"";"";"HighD";"ExitAfterXBars";"0.0";"16.96";"1.58";"1.58"
"Strategy 3.21.132";"";"3";"1290";"1.43";"34490.79";"2463.91";"14.0";"26.74";"0.87";"377";"";"";"HighD";"ExitAfterXBars";"0.0";"18.04";"1.02";"1.02"
"Strategy 3.21.139";"";"4";"1574";"1.38";"36459.26";"2558.28";"14.25";"23.16";"0.9";"398";"";"";"HighestInRange";"ExitAfterXBars";"0.0";"18.61";"1.05";"1.05"
"Strategy 3.21.160";"";"3";"1043";"1.45";"32102.34";"2463.91";"13.03";"30.78";"0.86";"932";"";"";"High";"ExitAfterXBars";"0.0";"17.32";"0.81";"0.81"
"Strategy 3.21.162";"";"4";"1063";"1.47";"29905.31";"2463.91";"12.14";"28.13";"0.82";"569";"";"";"HighD";"ExitAfterXBars";"0.0";"16.62";"1.76";"1.76"
"Strategy 3.21.181";"";"4";"980";"1.55";"33863.69";"2463.91";"13.74";"34.55";"0.91";"452";"";"";"TEMA";"ExitAfterXBars";"0.0";"17.85";"1.32";"1.32"
"Strategy 3.21.185";"";"4";"957";"1.63";"37031.99";"2463.91";"15.03";"38.7";"0.86";"827";"";"";"TEMA";"ExitAfterXBars";"0.0";"18.77";"1.1";"1.1"
"Strategy 3.21.183";"";"6";"1154";"1.4";"29916.61";"2463.91";"12.14";"25.92";"0.91";"612";"";"";"HeikenAshiClose";"ExitAfterXBars";"0.0";"16.63";"1.05";"1.05"
"Strategy 1.19.112";"";"5";"1211";"1.56";"40835.14";"2463.91";"16.57";"33.72";"0.9";"264";"";"";"High,HighD";"ExitAfterXBars";"0.0";"19.8";"1.11";"1.11"
"Strategy 3.22.109";"";"3";"980";"1.63";"36395.62";"2463.91";"14.77";"37.14";"0.88";"315";"";"";"HighestInRange";"ExitAfterXBars";"0.0";"18.59";"0.89";"0.89"
"Strategy 3.22.119";"";"4";"1245";"1.45";"33695.13";"2463.91";"13.68";"27.06";"0.88";"396";"";"";"HighD";"ExitAfterXBars";"0.0";"17.8";"1.39";"1.39"
"Strategy 3.22.157";"";"6";"1287";"1.38";"31145.64";"2586.5";"12.04";"24.2";"0.87";"676";"";"";"High";"ExitAfterXBars";"0.0";"17.02";"0.91";"0.91"
"Strategy 3.22.162";"";"6";"679";"1.71";"30929.5";"2463.91";"12.55";"45.55";"0.89";"317";"";"";"HighD";"ExitAfterXBars";"0.0";"16.95";"1.06";"1.06"
"Strategy 3.22.169";"";"4";"861";"1.58";"32420.57";"2537.3";"12.78";"37.65";"0.83";"361";"";"";"TEMA";"ExitAfterXBars";"0.0";"17.42";"0.95";"0.95"
"Strategy 1.20.103";"";"4";"1442";"1.42";"37974.01";"2463.91";"15.41";"26.33";"0.88";"313";"";"";"TEMA";"ExitAfterXBars";"0.0";"19.03";"1.27";"1.27"
"Strategy 1.20.113";"";"5";"1676";"1.47";"45751.32";"3332.25";"13.73";"27.3";"0.86";"478";"";"";"TEMA";"ExitAfterXBars";"0.0";"21.04";"1.26";"1.26"
"Strategy 1.20.117";"";"5";"1348";"1.41";"35547.65";"2636.06";"13.49";"26.37";"0.86";"469";"";"";"High,HighD";"ExitAfterXBars";"0.0";"18.35";"0.9";"0.9"
"Strategy 1.20.145";"";"6";"1144";"1.56";"37779.68";"2463.91";"15.33";"33.02";"0.9";"315";"";"";"High,HighD";"ExitAfterXBars";"0.0";"18.98";"1.35";"1.35"
"Strategy 1.20.139";"";"4";"1124";"1.5";"35451.43";"2689.92";"13.18";"31.54";"0.85";"436";"";"";"TEMA";"ExitAfterXBars";"0.0";"18.32";"0.8";"0.8"
"Strategy 1.20.144";"";"4";"1401";"1.41";"36463.09";"2463.91";"14.8";"26.03";"0.9";"358";"";"";"TEMA";"ExitAfterXBars";"0.0";"18.61";"1.22";"1.22"
"Strategy 1.20.152";"";"5";"1401";"1.47";"39889.81";"2463.91";"16.19";"28.47";"0.9";"392";"";"";"TEMA";"ExitAfterXBars";"0.0";"19.55";"1.12";"1.12"
"Strategy 1.20.157";"";"5";"1790";"1.43";"45646.38";"3228.5";"14.14";"25.5";"0.82";"520";"";"";"TEMA";"ExitAfterXBars";"0.0";"21.01";"1.44";"1.44"
"Strategy 1.20.160";"";"5";"1436";"1.41";"36720.37";"2463.91";"14.9";"25.57";"0.86";"490";"";"";"TEMA";"ExitAfterXBars";"0.0";"18.68";"1.14";"1.14"
"Strategy 1.20.159";"";"4";"1604";"1.42";"40162.74";"2463.91";"16.3";"25.04";"0.87";"453";"";"";"TEMA";"ExitAfterXBars";"0.0";"19.62";"1.31";"1.31"
"Strategy 1.20.163";"";"4";"1052";"1.47";"29799.01";"2463.91";"12.09";"28.33";"0.82";"571";"";"";"HighD";"ExitAfterXBars";"0.0";"16.59";"1.76";"1.76"
"Strategy 1.20.175";"";"7";"671";"1.72";"30472.37";"2463.91";"12.37";"45.41";"0.84";"464";"";"";"HighD,TEMA";"ExitAfterXBars";"0.0";"16.81";"1.97";"1.97"
"Strategy 1.21.103";"";"6";"1300";"1.48";"39443.11";"2636.9";"14.96";"30.34";"0.91";"208";"";"";"High,HighD";"ExitAfterXBars";"0.0";"19.43";"1.18";"1.18"
"Strategy 1.21.118";"";"7";"1534";"1.48";"42867.81";"2758.91";"15.54";"27.95";"0.89";"503";"";"";"TEMA";"ExitAfterXBars";"0.0";"20.32";"1.22";"1.22"
"Strategy 1.21.123";"";"4";"1111";"1.44";"31652.46";"2469.87";"12.82";"28.49";"0.88";"495";"";"";"TEMA";"ExitAfterXBars";"0.0";"17.18";"0.87";"0.87"
"Strategy 1.21.124";"";"7";"836";"1.6";"32729.82";"2463.91";"13.28";"39.15";"0.89";"499";"";"";"HighD,TEMA";"ExitAfterXBars";"0.0";"17.51";"1.42";"1.42"
"Strategy 1.21.151";"";"6";"955";"1.56";"34517.27";"2463.91";"14.01";"36.14";"0.91";"319";"";"";"HighD,TEMA";"ExitAfterXBars";"0.0";"18.05";"1.31";"1.31"
"Strategy 1.21.159";"";"4";"952";"1.57";"32798.37";"2463.91";"13.31";"34.45";"0.84";"746";"";"";"HighD";"ExitAfterXBars";"0.0";"17.53";"1.4";"1.4"
"Strategy 1.21.162";"";"4";"818";"1.59";"30970.19";"2463.91";"12.57";"37.86";"0.84";"586";"";"";"TEMA";"ExitAfterXBars";"0.0";"16.96";"0.97";"0.97"
"Strategy 1.21.175";"";"3";"839";"1.58";"31608.76";"2463.91";"12.83";"37.67";"0.89";"462";"";"";"High";"ExitAfterXBars";"0.0";"17.17";"1.18";"1.18"
"Strategy 1.21.171";"";"6";"710";"1.67";"31105.79";"2463.91";"12.62";"43.81";"0.86";"491";"";"";"HeikenAshiLow";"ExitAfterXBars";"0.0";"17.01";"0.95";"0.95"
"Strategy 1.22.101";"";"5";"1300";"1.46";"38732.43";"2722.97";"14.22";"29.79";"0.9";"235";"";"";"High,HighD";"ExitAfterXBars";"0.0";"19.24";"0.98";"0.98"
"Strategy 1.22.118";"";"6";"1125";"1.5";"35717.09";"2463.91";"14.5";"31.75";"0.89";"296";"";"";"High,HighD";"ExitAfterXBars";"0.0";"18.4";"0.99";"0.99"
"Strategy 1.22.123";"";"4";"1052";"1.49";"30574.88";"2463.91";"12.41";"29.06";"0.83";"571";"";"";"HighD";"ExitAfterXBars";"0.0";"16.84";"1.78";"1.78"
"Strategy 1.22.130";"";"3";"1296";"1.55";"40888.66";"2463.91";"16.6";"31.55";"0.9";"315";"";"";"HighD";"ExitAfterXBars";"0.0";"19.82";"1.38";"1.38"
"Strategy 1.22.134";"";"5";"737";"1.63";"29727.95";"2463.91";"12.07";"40.34";"0.83";"712";"";"";"High,HighD";"ExitAfterXBars";"0.0";"16.56";"1.84";"1.84"
"Strategy 1.22.138";"";"5";"962";"1.55";"34633.61";"2463.91";"14.06";"36.0";"0.89";"491";"";"";"HighD,TEMA";"ExitAfterXBars";"0.0";"18.08";"1.31";"1.31"
"Strategy 1.22.164";"";"6";"1213";"1.51";"36958.07";"2463.91";"15.0";"30.47";"0.89";"493";"";"";"High,HighD";"ExitAfterXBars";"0.0";"18.75";"1.41";"1.41"
"Strategy 1.22.176";"";"4";"1604";"1.39";"37834.87";"2769.09";"13.66";"23.59";"0.86";"266";"";"";"TEMA";"ExitAfterXBars";"0.0";"18.99";"1.31";"1.31"
"Strategy 1.22.183";"";"5";"702";"1.71";"30884.7";"2463.91";"12.53";"44.0";"0.84";"432";"";"";"HighD,TEMA";"ExitAfterXBars";"0.0";"16.94";"2.07";"2.07"
"Strategy 2.2.120";"";"3";"1445";"1.42";"38064.66";"3000.41";"12.69";"26.34";"0.86";"327";"";"";"High";"ExitAfterXBars";"0.0";"19.06";"1.05";"1.05"
"Strategy 2.4.127";"";"4";"1351";"1.41";"35344.88";"2729.49";"12.95";"26.16";"0.85";"263";"";"";"High";"ExitAfterXBars";"0.0";"18.29";"0.98";"0.98"
"Strategy 2.4.151";"";"4";"1493";"1.42";"39302.06";"2826.17";"13.91";"26.32";"0.91";"490";"";"";"High";"ExitAfterXBars";"0.0";"19.39";"1.03";"1.03"
"Strategy 2.4.180";"";"3";"1078";"1.42";"30429.58";"2463.91";"12.35";"28.23";"0.79";"414";"";"";"Close";"ExitAfterXBars";"0.0";"16.79";"0.88";"0.88"
"Strategy 2.5.120";"";"5";"1863";"1.34";"39353.49";"2998.46";"13.12";"21.12";"0.85";"493";"";"";"High";"ExitAfterXBars";"0.0";"19.41";"1.03";"1.03"
"Strategy 2.5.168";"";"4";"1920";"1.34";"40198.69";"3046.66";"13.19";"20.94";"0.9";"530";"";"";"TEMA";"ExitAfterXBars";"0.0";"19.63";"0.89";"0.89"
"Strategy 2.6.102";"";"4";"1440";"1.43";"39278.04";"3003.31";"13.08";"27.28";"0.89";"245";"";"";"High";"ExitAfterXBars";"0.0";"19.39";"1.05";"1.05"
"Strategy 2.6.105";"";"5";"1235";"1.41";"32190.25";"2665.04";"12.08";"26.07";"0.9";"432";"";"";"Close,High";"ExitAfterXBars";"0.0";"17.35";"0.98";"0.98"
"Strategy 2.6.130";"";"5";"1763";"1.41";"42073.44";"3017.75";"13.94";"23.86";"0.91";"552";"";"";"QQE";"ExitAfterXBars";"0.0";"20.12";"1.12";"1.12"
"Strategy 2.6.165";"";"5";"995";"1.5";"32733.68";"2463.91";"13.29";"32.9";"0.87";"348";"";"";"High";"ExitAfterXBars";"0.0";"17.51";"0.91";"0.91"
"Strategy 4.6.110";"";"3";"1138";"1.43";"32676.17";"2524.11";"12.95";"28.71";"0.87";"437";"";"";"High";"ExitAfterXBars";"0.0";"17.5";"0.85";"0.85"
"Strategy 2.7.107";"";"6";"1289";"1.41";"34799.57";"2693.13";"12.92";"27.0";"0.9";"490";"";"";"Close,High";"ExitAfterXBars";"0.0";"18.13";"0.9";"0.9"
"Strategy 2.7.144";"";"4";"1982";"1.35";"42287.0";"3245.99";"13.03";"21.34";"0.89";"524";"";"";"Close,High";"ExitAfterXBars";"0.0";"20.18";"0.84";"0.84"
"Strategy 2.7.154";"";"3";"1161";"1.46";"34898.45";"2820.32";"12.37";"30.06";"0.89";"574";"";"";"High";"ExitAfterXBars";"0.0";"18.16";"1.02";"1.02"
"Strategy 2.7.161(1)";"";"5";"1573";"1.43";"40858.28";"2937.44";"13.91";"25.97";"0.9";"490";"";"";"HighestInRange";"ExitAfterXBars";"0.0";"19.81";"1.09";"1.09"
"Strategy 2.7.166";"";"4";"1320";"1.38";"33595.31";"2670.29";"12.58";"25.45";"0.87";"503";"";"";"Close,High";"ExitAfterXBars";"0.0";"17.77";"0.84";"0.84"
"Strategy 2.8.103";"";"4";"1509";"1.37";"36581.77";"2919.99";"12.53";"24.24";"0.89";"397";"";"";"Close,High";"ExitAfterXBars";"0.0";"18.64";"0.92";"0.92"
"Strategy 2.8.115";"";"4";"1404";"1.43";"37720.99";"2930.92";"12.87";"26.87";"0.89";"313";"";"";"High";"ExitAfterXBars";"0.0";"18.96";"1.01";"1.01"
"Strategy 2.8.120";"";"5";"1950";"1.34";"40808.91";"3269.27";"12.48";"20.93";"0.88";"495";"";"";"High";"ExitAfterXBars";"0.0";"19.79";"0.92";"0.92"
"Strategy 2.8.136";"";"4";"1482";"1.46";"41834.75";"3408.74";"12.27";"28.23";"0.9";"335";"";"";"High";"ExitAfterXBars";"0.0";"20.06";"1.09";"1.09"
"Strategy 2.8.183";"";"3";"999";"1.52";"33366.21";"2463.91";"13.54";"33.4";"0.87";"377";"";"";"HighestInRange";"ExitAfterXBars";"0.0";"17.7";"0.81";"0.81"
"Strategy 3.5.106";"";"7";"1143";"1.53";"38120.97";"2463.91";"15.47";"33.35";"0.9";"243";"";"";"TEMA";"ExitAfterXBars";"0.0";"19.07";"0.89";"0.89"
"Strategy 3.5.115";"";"7";"859";"1.63";"33623.38";"2463.91";"13.65";"39.14";"0.89";"459";"";"";"TEMA";"ExitAfterXBars";"0.0";"17.78";"1.22";"1.22"
"Strategy 3.5.119";"";"5";"860";"1.64";"34820.27";"2463.91";"14.13";"40.49";"0.9";"452";"";"";"TEMA";"ExitAfterXBars";"0.0";"18.14";"1.11";"1.11"
"Strategy 3.5.145";"";"5";"792";"1.65";"31457.86";"2463.91";"12.77";"39.72";"0.83";"503";"";"";"HighD";"ExitAfterXBars";"0.0";"17.12";"1.21";"1.21"
"Strategy 4.8.145";"";"3";"2109";"1.33";"41989.36";"3067.55";"13.69";"19.91";"0.88";"586";"";"";"High";"ExitAfterXBars";"0.0";"20.1";"0.88";"0.88"
"Strategy 4.8.151";"";"4";"1671";"1.4";"39426.36";"2655.42";"14.85";"23.59";"0.88";"465";"";"";"HighestInRange";"ExitAfterXBars";"0.0";"19.43";"1.0";"1.0"
"Strategy 2.9.116";"";"4";"1075";"1.48";"34467.33";"2463.91";"13.99";"32.06";"0.89";"436";"";"";"High";"ExitAfterXBars";"0.0";"18.03";"0.93";"0.93"
"Strategy 2.9.128";"";"7";"1438";"1.46";"41161.16";"3082.86";"13.35";"28.62";"0.89";"246";"";"";"High,QQE";"ExitAfterXBars";"0.0";"19.89";"1.04";"1.04"
"Strategy 2.9.135";"";"4";"1272";"1.49";"38109.7";"3132.64";"12.17";"29.96";"0.9";"392";"";"";"High";"ExitAfterXBars";"0.0";"19.07";"1.26";"1.26"
"Strategy 2.9.155";"";"4";"1481";"1.39";"36989.28";"2679.64";"13.8";"24.98";"0.89";"316";"";"";"HeikenAshiLow,High,HighD";"ExitAfterXBars";"0.0";"18.76";"1.02";"1.02"
"Strategy 2.9.150";"";"4";"1509";"1.37";"36652.2";"2919.99";"12.55";"24.29";"0.89";"397";"";"";"Close,High";"ExitAfterXBars";"0.0";"18.66";"0.92";"0.92"
"Strategy 1.4.154";"";"6";"2358";"1.32";"43552.74";"2982.87";"14.6";"18.47";"0.89";"558";"";"";"KeltnerChannel";"ExitAfterXBars";"0.0";"20.5";"1.07";"1.07"
"Strategy 4.9.133";"";"4";"1154";"1.43";"33039.68";"2736.55";"12.07";"28.63";"0.88";"437";"";"";"High";"ExitAfterXBars";"0.0";"17.61";"0.86";"0.86"
"Strategy 4.9.128";"";"3";"1282";"1.37";"32120.52";"2463.91";"13.04";"25.06";"0.89";"490";"";"";"HeikenAshiLow";"ExitAfterXBars";"0.0";"17.32";"0.82";"0.82"
"Strategy 4.9.165";"";"4";"1747";"1.35";"38462.55";"2764.99";"13.91";"22.02";"0.9";"470";"";"";"Close";"ExitAfterXBars";"0.0";"19.17";"0.89";"0.89"
"Strategy 2.10.101";"";"7";"790";"1.58";"29977.74";"2463.91";"12.17";"37.95";"0.84";"800";"";"";"High,QQE";"ExitAfterXBars";"0.0";"16.65";"0.91";"0.91"
"Strategy 2.10.102";"";"6";"1465";"1.45";"40275.98";"2797.41";"14.4";"27.49";"0.9";"461";"";"";"High";"ExitAfterXBars";"0.0";"19.65";"1.01";"1.01"
"Strategy 2.10.132(1)";"";"7";"1438";"1.45";"40965.52";"3009.84";"13.61";"28.49";"0.88";"246";"";"";"High,QQE";"ExitAfterXBars";"0.0";"19.84";"1.03";"1.03"
"Strategy 2.10.137(1)";"";"4";"1030";"1.49";"33556.18";"2463.91";"13.62";"32.58";"0.89";"341";"";"";"High";"ExitAfterXBars";"0.0";"17.76";"0.86";"0.86"
"Strategy 2.10.142";"";"4";"1652";"1.34";"35258.83";"2897.82";"12.17";"21.34";"0.89";"490";"";"";"High";"ExitAfterXBars";"0.0";"18.26";"0.94";"0.94"
"Strategy 2.10.143";"";"3";"1299";"1.47";"37292.57";"2463.91";"15.14";"28.71";"0.89";"330";"";"";"HighestInRange";"ExitAfterXBars";"0.0";"18.84";"0.96";"0.96"
"Strategy 2.10.151";"";"7";"1542";"1.39";"37653.09";"3077.73";"12.23";"24.42";"0.91";"555";"";"";"High,QQE";"ExitAfterXBars";"0.0";"18.94";"1.05";"1.05"
"Strategy 2.10.153";"";"4";"1442";"1.48";"42383.66";"2568.86";"16.5";"29.39";"0.91";"358";"";"";"High";"ExitAfterXBars";"0.0";"20.2";"1.1";"1.1"
"Strategy 2.10.150";"";"5";"1103";"1.5";"35766.91";"2463.91";"14.52";"32.43";"0.89";"263";"";"";"High";"ExitAfterXBars";"0.0";"18.41";"0.96";"0.96"
"Strategy 2.10.154";"";"4";"1305";"1.43";"35629.46";"2820.28";"12.63";"27.3";"0.89";"722";"";"";"High";"ExitAfterXBars";"0.0";"18.37";"1.12";"1.12"
"Strategy 2.10.174";"";"4";"1053";"1.54";"34438.47";"2463.91";"13.98";"32.71";"0.87";"473";"";"";"HighestInRange";"ExitAfterXBars";"0.0";"18.02";"1.2";"1.2"
"Strategy 2.10.180";"";"4";"1120";"1.53";"37206.76";"2963.84";"12.55";"33.22";"0.89";"438";"";"";"High";"ExitAfterXBars";"0.0";"18.82";"1.24";"1.24"
"Strategy 2.10.181";"";"7";"1311";"1.37";"32766.78";"2463.91";"13.3";"24.99";"0.87";"336";"";"";"Close";"ExitAfterXBars";"0.0";"17.52";"0.87";"0.87"
"Strategy 1.5.138";"";"6";"980";"1.48";"30941.24";"2463.91";"12.56";"31.57";"0.83";"490";"";"";"TEMA";"ExitAfterXBars";"0.0";"16.95";"0.83";"0.83"
"Strategy 1.5.164";"";"6";"2190";"1.34";"44274.26";"3060.39";"14.47";"20.22";"0.89";"554";"";"";"KeltnerChannel";"ExitAfterXBars";"0.0";"20.68";"1.07";"1.07"
"Strategy 1.5.166";"";"6";"2260";"1.31";"41190.05";"3225.62";"12.77";"18.23";"0.88";"568";"";"";"KeltnerChannel";"ExitAfterXBars";"0.0";"19.89";"1.01";"1.01"
"Strategy 4.10.140";"";"4";"1164";"1.4";"31079.74";"2463.91";"12.61";"26.7";"0.82";"503";"";"";"Close";"ExitAfterXBars";"0.0";"17.0";"0.83";"0.83"
"Strategy 4.10.159";"";"4";"1443";"1.56";"44918.4";"2650.79";"16.95";"31.13";"0.9";"545";"";"";"HighestInRange";"ExitAfterXBars";"0.0";"20.83";"1.17";"1.17"
"Strategy 4.10.161(1)";"";"4";"1305";"1.41";"33733.39";"2757.52";"12.23";"25.85";"0.88";"437";"";"";"HighestInRange";"ExitAfterXBars";"0.0";"17.82";"0.85";"0.85"
"Strategy 3.7.104";"";"6";"859";"1.64";"34394.05";"2463.91";"13.96";"40.04";"0.89";"459";"";"";"TEMA";"ExitAfterXBars";"0.0";"18.01";"1.38";"1.38"
"Strategy 3.7.127";"";"6";"940";"1.55";"32798.36";"2463.91";"13.31";"34.89";"0.89";"413";"";"";"TEMA";"ExitAfterXBars";"0.0";"17.53";"1.11";"1.11"
"Strategy 3.7.144";"";"5";"795";"1.62";"31680.94";"2463.91";"12.86";"39.85";"0.85";"493";"";"";"TEMA";"ExitAfterXBars";"0.0";"17.19";"1.02";"1.02"
"Strategy 2.11.103";"";"4";"1100";"1.53";"37458.01";"2741.27";"13.66";"34.05";"0.83";"313";"";"";"High";"ExitAfterXBars";"0.0";"18.89";"0.93";"0.93"
"Strategy 2.11.109";"";"6";"1478";"1.45";"41296.33";"3167.12";"13.04";"27.94";"0.9";"272";"";"";"High,QQE";"ExitAfterXBars";"0.0";"19.92";"1.07";"1.07"
"Strategy 2.11.120";"";"8";"1404";"1.37";"31904.62";"2404.09";"13.27";"22.72";"0.86";"309";"";"";"High,MACD";"ExitAfterXBars";"0.0";"17.26";"1.2";"1.2"
"Strategy 2.11.132";"";"5";"1497";"1.41";"37343.96";"2671.51";"13.98";"24.95";"0.89";"371";"";"";"HighD";"ExitAfterXBars";"0.0";"18.86";"1.1";"1.1"
"Strategy 2.11.143";"";"3";"1068";"1.53";"34898.16";"2902.52";"12.02";"32.68";"0.89";"229";"";"";"High";"ExitAfterXBars";"0.0";"18.16";"1.2";"1.2"
"Strategy 2.11.137";"";"3";"1276";"1.43";"34301.14";"2463.91";"13.92";"26.88";"0.88";"514";"";"";"HighestInRange";"ExitAfterXBars";"0.0";"17.98";"0.83";"0.83"
"Strategy 2.11.156";"";"4";"1316";"1.47";"37734.69";"3073.71";"12.28";"28.67";"0.89";"530";"";"";"High,HighestInRange";"ExitAfterXBars";"0.0";"18.97";"1.13";"1.13"
"Strategy 2.11.152";"";"4";"1190";"1.49";"36321.6";"2675.89";"13.57";"30.52";"0.88";"242";"";"";"High";"ExitAfterXBars";"0.0";"18.57";"1.11";"1.11"
"Strategy 2.11.161(1)";"";"3";"1416";"1.37";"34390.65";"2734.39";"12.58";"24.29";"0.88";"313";"";"";"High";"ExitAfterXBars";"0.0";"18.01";"0.96";"0.96"
"Strategy 2.11.164";"";"4";"1203";"1.53";"39547.28";"2765.95";"14.3";"32.87";"0.9";"439";"";"";"High";"ExitAfterXBars";"0.0";"19.46";"1.26";"1.26"
"Strategy 2.11.168";"";"6";"1676";"1.37";"38885.64";"3072.93";"12.65";"23.2";"0.9";"290";"";"";"Close";"ExitAfterXBars";"0.0";"19.28";"0.8";"0.8"
"Strategy 2.11.165";"";"4";"1421";"1.41";"37271.16";"2836.57";"13.14";"26.23";"0.88";"371";"";"";"High";"ExitAfterXBars";"0.0";"18.84";"0.93";"0.93"
"Strategy 2.11.177";"";"5";"1560";"1.38";"37931.78";"2463.91";"15.39";"24.32";"0.91";"490";"";"";"High";"ExitAfterXBars";"0.0";"19.02";"0.99";"0.99"
"Strategy 2.11.178";"";"6";"1650";"1.34";"35377.59";"2897.82";"12.21";"21.44";"0.89";"490";"";"";"High,QQE";"ExitAfterXBars";"0.0";"18.3";"0.94";"0.94"
"Strategy 1.6.110";"";"6";"2298";"1.32";"43435.09";"3363.82";"12.91";"18.9";"0.89";"503";"";"";"KeltnerChannel";"ExitAfterXBars";"0.0";"20.47";"0.96";"0.96"
"Strategy 1.6.111";"";"6";"2190";"1.33";"42717.32";"3321.17";"12.86";"19.51";"0.89";"554";"";"";"KeltnerChannel";"ExitAfterXBars";"0.0";"20.29";"1.02";"1.02"
"Strategy 1.6.122";"";"6";"1994";"1.34";"40875.97";"2963.84";"13.79";"20.5";"0.87";"400";"";"";"KeltnerChannel";"ExitAfterXBars";"0.0";"19.81";"1.06";"1.06"
"Strategy 1.6.126";"";"6";"991";"1.52";"33834.84";"2463.91";"13.73";"34.14";"0.88";"369";"";"";"TEMA";"ExitAfterXBars";"0.0";"17.85";"0.91";"0.91"
"Strategy 1.6.172";"";"6";"980";"1.48";"30943.84";"2463.91";"12.56";"31.58";"0.83";"490";"";"";"TEMA";"ExitAfterXBars";"0.0";"16.96";"0.83";"0.83"
"Strategy 4.11.109";"";"5";"1183";"1.48";"34714.71";"2463.91";"14.09";"29.34";"0.87";"490";"";"";"HighestInRange";"ExitAfterXBars";"0.0";"18.11";"0.97";"0.97"
"Strategy 4.11.120(1)";"";"5";"1301";"1.48";"37589.08";"2464.96";"15.25";"28.89";"0.94";"186";"";"";"TEMA";"ExitAfterXBars";"0.0";"18.93";"1.16";"1.16"
"Strategy 4.11.115";"";"4";"956";"1.57";"34694.53";"2720.66";"12.75";"36.29";"0.89";"429";"";"";"HighestInRange";"ExitAfterXBars";"0.0";"18.1";"0.85";"0.85"
"Strategy 4.11.173";"";"6";"811";"1.65";"34327.29";"2463.91";"13.93";"42.33";"0.84";"316";"";"";"TEMA";"ExitAfterXBars";"0.0";"17.99";"0.95";"0.95"
"Strategy 2.12.147";"";"4";"1505";"1.4";"36310.68";"2947.89";"12.32";"24.13";"0.91";"503";"";"";"High";"ExitAfterXBars";"0.0";"18.57";"1.25";"1.25"
"Strategy 2.12.155";"";"5";"1454";"1.42";"38511.03";"2766.0";"13.92";"26.49";"0.91";"490";"";"";"High";"ExitAfterXBars";"0.0";"19.18";"1.0";"1.0"
"Strategy 2.12.156";"";"6";"1597";"1.42";"41054.2";"2464.33";"16.66";"25.71";"0.9";"272";"";"";"High,QQE";"ExitAfterXBars";"0.0";"19.86";"1.09";"1.09"
"Strategy 2.12.166";"";"6";"1470";"1.41";"38575.06";"2605.38";"14.81";"26.24";"0.86";"276";"";"";"Close,QQE";"ExitAfterXBars";"0.0";"19.2";"0.96";"0.96"
